,country,model,r2,R2,mse,mae,rank
0,angola,PCA_NGB_ms,0.6928416628946678,0.6637801389603746,0.4014269594823672,0.5138248183586172,0.8025059213809322
1,angola,PCA_NGB_msnl,0.7579624159897964,0.7264774308851254,0.32657003940837764,0.4624037110808384,0.8455280273825609
2,angola,PCA_NGB_nl,0.7632021923548155,0.6978404873482664,0.36076088446233684,0.5015486823107093,0.8527753151570909
3,angola,PCA_RandomForest_ms,0.6929184427537223,0.6650049587170661,0.3999645959285834,0.5120233430468515,0.8017125739615025
4,angola,PCA_RandomForest_msnl,0.7562241528124861,0.7224656739975208,0.33135984380777866,0.4662992375966976,0.846182807576532
5,angola,PCA_RandomForest_nl,0.7659843938596506,0.7007241392644563,0.3573179717880461,0.49848774328263984,0.8542273550469186
6,angola,PCA_Ridge_ms,0.6944467955185338,0.6550635001141196,0.41183412075042725,0.5254653692245483,0.8036337396271437
7,angola,PCA_Ridge_msnl,0.7642961699892261,0.7270145168284998,0.32592880725860596,0.4672723412513733,0.8455526743931993
8,angola,PCA_Ridge_nl,0.7595787682257651,0.7080058744931752,0.34862402081489563,0.4882608950138092,0.843375655932796
9,angola,PCA_XGBoost_ms,0.6940168556816326,0.6657803768077082,0.39903879182679236,0.5125847507378478,0.8043743859460286
10,angola,PCA_XGBoost_msnl,0.7653478380128161,0.7307568794936808,0.3214606266631532,0.45998454350468904,0.8470959266565757
11,angola,PCA_XGBoost_nl,0.7667612228943009,0.7053429636076849,0.35180336415376695,0.49267448484448295,0.855785930560439
12,angola,Resnet_ms,0.6928670426681799,0.6356751703500345,0.4349826574138066,0.5479565723072715,0.8029654149161782
13,angola,Resnet_nl,0.7593856926298644,0.6947238379837135,0.36448198253880565,0.49421464875156296,0.8438627022071727
14,angola,Ridge_ms,0.6959960906178821,0.6662485899272292,0.39847978949546814,0.5137336850166321,0.8038632470558963
15,angola,Ridge_msnl,0.7612644709809047,0.7196585901750151,0.33471134305000305,0.4752042293548584,0.8541866578503867
16,angola,Ridge_nl,0.7574040291848725,0.700519722783779,0.35756203532218933,0.4987872242927551,0.8562986516545756
17,angola,UMAP_NGB_ms,0.6946188864088333,0.6662153815907592,0.39851942141577473,0.5125867998610387,0.8056353332659505
18,angola,UMAP_NGB_msnl,0.7551036546949323,0.7175301468961438,0.3372525761158057,0.4724069043200453,0.8456040572734194
19,angola,UMAP_NGB_nl,0.763366104439799,0.6963473522474594,0.36254360093173293,0.5042604506830695,0.8506819645010543
20,angola,UMAP_RandomForest_ms,0.6935476547803492,0.6659437387797094,0.3988437471333806,0.5118194779506842,0.8028708107244286
21,angola,UMAP_RandomForest_msnl,0.7538324852998566,0.7165606275937757,0.3384101257754412,0.4732396222163721,0.8455942745523599
22,angola,UMAP_RandomForest_nl,0.7668465141130634,0.7004646323658218,0.3576278079320545,0.4988425704703064,0.8540659736745556
23,angola,UMAP_Ridge_ms,0.6963738605424084,0.6668649026112449,0.39774391055107117,0.5127224326133728,0.8055529700611266
24,angola,UMAP_Ridge_msnl,0.757739686640889,0.7192503248779687,0.3351987898349762,0.4713866710662842,0.8482273171821849
25,angola,UMAP_Ridge_nl,0.758091921566816,0.6888766032387907,0.37146323919296265,0.5099883079528809,0.847072607663181
26,angola,UMAP_XGBoost_ms,0.6946286977035412,0.668218302625219,0.3961280501908259,0.5105159439779655,0.8044632431343148
27,angola,UMAP_XGBoost_msnl,0.756582160425352,0.7205745074945404,0.33361778662180186,0.47010663270334874,0.8461703017287977
28,angola,UMAP_XGBoost_nl,0.7651859473804787,0.6987735879366759,0.3596468166290502,0.5004108823151187,0.8490654688983171
29,benin,PCA_NGB_ms,0.6803767113352321,0.6203483612952256,0.18034936684376685,0.3265384751836497,0.7665907183917903
30,benin,PCA_NGB_msnl,0.7061615184352968,0.6754328986708915,0.15418205864387147,0.2978795717560446,0.7701118119546781
31,benin,PCA_NGB_nl,0.719092572696768,0.7054091312793053,0.13994217655161248,0.2798720777682726,0.7790578408256126
32,benin,PCA_RandomForest_ms,0.668536472339829,0.6581948933132352,0.16237078492596796,0.3180945270756874,0.7634739166354602
33,benin,PCA_RandomForest_msnl,0.7082519287920747,0.6851598418038529,0.14956138048391482,0.2939993088502814,0.778551099361558
34,benin,PCA_RandomForest_nl,0.7168817101235248,0.7021581444199202,0.14148652237271253,0.2808265954017744,0.7783256067598651
35,benin,PCA_Ridge_ms,0.6783798857509851,0.6210840353540062,0.17999990284442902,0.3261173963546753,0.7649915710848864
36,benin,PCA_Ridge_msnl,0.7257858799314398,0.7029235955840305,0.14112290740013123,0.2840541899204254,0.7812728431403789
37,benin,PCA_Ridge_nl,0.7184348253366721,0.6912652314454373,0.14666107296943665,0.28967800736427307,0.7800441993246027
38,benin,PCA_XGBoost_ms,0.6823909158384597,0.6672395939521453,0.15807419861572866,0.3036914247815494,0.7720950374407831
39,benin,PCA_XGBoost_msnl,0.7080583619357304,0.6919910012959567,0.1463163127333506,0.28941311337594966,0.7734450028080366
40,benin,PCA_XGBoost_nl,0.7177976989062087,0.7129301891135411,0.13636938012426833,0.2805508673704483,0.7799308712055345
41,benin,Resnet_ms,0.6544198706280242,0.5678396018994261,0.20529307983047193,0.34303274722249866,0.7606734113885052
42,benin,Resnet_nl,0.7184637244827429,0.6802851657719053,0.15187704212290978,0.3011737338789409,0.7800025768366662
43,benin,Ridge_ms,0.6776759814791866,0.6155085590002669,0.1826484650373459,0.3283218443393707,0.7651736116605977
44,benin,Ridge_msnl,0.7255196191465849,0.7024903120768062,0.14132872223854065,0.28425008058547974,0.7812282723928803
45,benin,Ridge_nl,0.7147618903918875,0.6987663550007743,0.14309775829315186,0.2845948338508606,0.7782353553696947
46,benin,UMAP_NGB_ms,0.6571700832529679,0.6014249010359831,0.18933875007912132,0.3282153794835143,0.7566401556757876
47,benin,UMAP_NGB_msnl,0.6819616162533993,0.6454003618577054,0.16844868743401378,0.3126264246107174,0.7564481893264856
48,benin,UMAP_NGB_nl,0.7143372907209673,0.6999010155779857,0.14255874679117278,0.28195588335187666,0.7768789095672193
49,benin,UMAP_RandomForest_ms,0.6647994611583209,0.6338568429213268,0.17393231010038088,0.3182293322557707,0.7560066403428526
50,benin,UMAP_RandomForest_msnl,0.6853651404788232,0.679613994675573,0.15219587462599163,0.30332252238012114,0.7639023348205894
51,benin,UMAP_RandomForest_nl,0.7145226028436534,0.712627485907958,0.13651317597789547,0.27938485455137735,0.7789377184080698
52,benin,UMAP_Ridge_ms,0.6821682405337839,0.6403485345387187,0.17084850370883942,0.31608983874320984,0.7660110674340745
53,benin,UMAP_Ridge_msnl,0.7008315617295615,0.6697522078791436,0.15688061714172363,0.3018697500228882,0.774085073041324
54,benin,UMAP_Ridge_nl,0.7183014555175902,0.7067280214731531,0.139315664768219,0.27968257665634155,0.7805878842616476
55,benin,UMAP_XGBoost_ms,0.670728766135112,0.652923324144266,0.16487498631738096,0.30952429167124823,0.7689000405693139
56,benin,UMAP_XGBoost_msnl,0.6887350755631894,0.6789929627775875,0.152490889050198,0.29971505575513735,0.7725591002361407
57,benin,UMAP_XGBoost_nl,0.7165107156552114,0.7136773752003364,0.13601443752971576,0.2791234954870768,0.7759480664688614
58,burkina_faso,PCA_NGB_ms,0.6591461152721322,0.6357716894329416,0.14081884036110046,0.28568705815076134,0.6220694376526446
59,burkina_faso,PCA_NGB_msnl,0.7074082711322189,0.6949491974575501,0.11793948745601966,0.26021403428757356,0.6678825065969143
60,burkina_faso,PCA_NGB_nl,0.711603060837769,0.6900348231075883,0.11983949488812881,0.25899075473182975,0.7196055965961685
61,burkina_faso,PCA_RandomForest_ms,0.6639541261400901,0.6409790976652248,0.13880553945262547,0.28383861837320873,0.6103055837215643
62,burkina_faso,PCA_RandomForest_msnl,0.7054928985196622,0.6889555349542538,0.12025677191399048,0.26013979692261363,0.6386636814494434
63,burkina_faso,PCA_RandomForest_nl,0.7111193828897132,0.6887922999027212,0.12031988224889911,0.2594838408172128,0.7207403902657901
64,burkina_faso,PCA_Ridge_ms,0.6573357746531237,0.629875011456389,0.1430986225605011,0.28837892413139343,0.6021501714239366
65,burkina_faso,PCA_Ridge_msnl,0.6881258564247936,0.6792411742512661,0.12401255965232849,0.2642248272895813,0.601098808742291
66,burkina_faso,PCA_Ridge_nl,0.6986925534545243,0.6933699931756494,0.11855003982782364,0.2555474638938904,0.7222331572344608
67,burkina_faso,PCA_XGBoost_ms,0.6651618908204759,0.646164770521803,0.1368006419282719,0.2804826887859166,0.6677127358468671
68,burkina_faso,PCA_XGBoost_msnl,0.7222462150860309,0.711573546374309,0.11151214101342266,0.25037853765338003,0.7008589398321895
69,burkina_faso,PCA_XGBoost_nl,0.7131605576867323,0.712742162739738,0.11106032769569756,0.2490982612440332,0.722078289225674
70,burkina_faso,Resnet_ms,0.5932779217405029,0.5329953717761786,0.18055447169211103,0.32253008020158536,0.5157507728308515
71,burkina_faso,Resnet_nl,0.6983589789365551,0.68296309378384,0.12257358417725471,0.26763998477824874,0.7222474751832455
72,burkina_faso,Ridge_ms,0.6568565726002049,0.6301331234745764,0.1429988443851471,0.2871107757091522,0.5993068037699829
73,burkina_faso,Ridge_msnl,0.6888395190162697,0.679609303416329,0.12387023121118546,0.26376599073410034,0.6034638311741142
74,burkina_faso,Ridge_nl,0.7148545137184215,0.6957923636559318,0.11761350929737091,0.25502216815948486,0.7225723232685771
75,burkina_faso,UMAP_NGB_ms,0.6448085896135455,0.6268998923008774,0.14424887626937782,0.29044914127726484,0.5178036490531663
76,burkina_faso,UMAP_NGB_msnl,0.6829208363601909,0.6590357983301511,0.13182441367351255,0.2786758755614375,0.5826697116073764
77,burkina_faso,UMAP_NGB_nl,0.7095237688876592,0.6902584313697369,0.1197530429148544,0.2603405182506993,0.6785823722754198
78,burkina_faso,UMAP_RandomForest_ms,0.6579394138602062,0.6368021871990878,0.14042042679407848,0.2896604452555687,0.5520033176577112
79,burkina_faso,UMAP_RandomForest_msnl,0.6950676997838184,0.672382114634503,0.12666442821783702,0.2743731288610751,0.5956398731611904
80,burkina_faso,UMAP_RandomForest_nl,0.7112335606103801,0.70656765505743,0.11344753095913863,0.2526774946696617,0.6707019481152022
81,burkina_faso,UMAP_Ridge_ms,0.5803612035948369,0.572111433957393,0.16543133556842804,0.3111187517642975,0.48332400455501734
82,burkina_faso,UMAP_Ridge_msnl,0.6462757238051751,0.6242706253950764,0.14526541531085968,0.29182466864585876,0.5121157529479454
83,burkina_faso,UMAP_Ridge_nl,0.708054914009665,0.6881797788941462,0.12055669724941254,0.26042917370796204,0.6745682518423218
84,burkina_faso,UMAP_XGBoost_ms,0.6471487725701909,0.6311438786222552,0.14260805589669912,0.28976664295967747,0.577257818254014
85,burkina_faso,UMAP_XGBoost_msnl,0.6886657045372883,0.6695543148585099,0.12775771908424108,0.27672137330133934,0.5958053027307084
86,burkina_faso,UMAP_XGBoost_nl,0.7078012006685938,0.7075608429773805,0.11306354221611553,0.2525207607278598,0.671478563315117
87,cameroon,PCA_NGB_ms,0.5733665395577661,0.439275718402361,0.38458315123897724,0.4998697789290889,0.7407254705895485
88,cameroon,PCA_NGB_msnl,0.6695510779651536,0.5108195805263273,0.33551346610059485,0.44737883154995095,0.7888424645070663
89,cameroon,PCA_NGB_nl,0.6697686351169494,0.4949575468028109,0.3463927362065152,0.44830416415504204,0.8347178561615411
90,cameroon,PCA_RandomForest_ms,0.577437978507734,0.44337535208113155,0.3817713414229038,0.5005875466946814,0.7417375178769896
91,cameroon,PCA_RandomForest_msnl,0.6646525449454188,0.513625437610983,0.3335890169640806,0.4652532065807582,0.7782065189607289
92,cameroon,PCA_RandomForest_nl,0.6695842183943292,0.5007764914974533,0.3424017050330931,0.4454841796455008,0.8333203423445058
93,cameroon,PCA_Ridge_ms,0.5785586492028507,0.44422695833845927,0.3811872601509094,0.5005611777305603,0.7411214301861202
94,cameroon,PCA_Ridge_msnl,0.6749402103588444,0.5164482700455139,0.3316529393196106,0.4424576163291931,0.796327707030367
95,cameroon,PCA_Ridge_nl,0.6774645184069783,0.49203431575590006,0.3483976721763611,0.44801071286201477,0.8352947820214643
96,cameroon,PCA_XGBoost_ms,0.5692725525608795,0.4923172335522108,0.3482036440332293,0.5007623158518678,0.7394935472496051
97,cameroon,PCA_XGBoost_msnl,0.6274491801317779,0.5407683130725145,0.3149725722669819,0.4639793422308887,0.761587736136349
98,cameroon,PCA_XGBoost_nl,0.6578456333909519,0.5624147824768253,0.30012593963500733,0.45087903987693306,0.8338920689684357
99,cameroon,Resnet_ms,0.5801231209457911,0.5341262994815732,0.3195281205127225,0.4534815215158539,0.7411427172029237
100,cameroon,Resnet_nl,0.6775475518988242,0.4853312748479124,0.3529950934159267,0.46385926631349306,0.8352898070079702
101,cameroon,Ridge_ms,0.5682530426263988,0.38255384008950977,0.4234869182109833,0.5218384861946106,0.7296473513676438
102,cameroon,Ridge_msnl,0.6795363139980317,0.48783152447651523,0.3512802720069885,0.46217504143714905,0.7945228317383769
103,cameroon,Ridge_nl,0.6747960561357367,0.49424865401098494,0.34687894582748413,0.44781625270843506,0.8352589484783242
104,cameroon,UMAP_NGB_ms,0.5893694774429401,0.46362115388134983,0.36788538265275217,0.48804513557421714,0.747296215095754
105,cameroon,UMAP_NGB_msnl,0.6666593682191119,0.5094153831976842,0.336476560889485,0.44888680477112314,0.7878341149788548
106,cameroon,UMAP_NGB_nl,0.6662560245680204,0.49384714462101553,0.3471543261433746,0.4497172709081906,0.7716610425455839
107,cameroon,UMAP_RandomForest_ms,0.5855763453461911,0.4605388799264578,0.36999941742787684,0.4905617424923613,0.7490696309790402
108,cameroon,UMAP_RandomForest_msnl,0.6543928130631265,0.5128071866129502,0.33415022959149043,0.456267198319117,0.7733643292890937
109,cameroon,UMAP_RandomForest_nl,0.6677189412688941,0.5017301644163317,0.34174761076888793,0.45145156862179436,0.7641467792165946
110,cameroon,UMAP_Ridge_ms,0.5817153229682823,0.45268572301018817,0.3753856420516968,0.492899626493454,0.7429526159797052
111,cameroon,UMAP_Ridge_msnl,0.6626723868964781,0.4905480236305416,0.3494170904159546,0.46380341053009033,0.7697575540652551
112,cameroon,UMAP_Ridge_nl,0.6739773525806072,0.5008784870805555,0.34233176708221436,0.4472103714942932,0.7723859668952353
113,cameroon,UMAP_XGBoost_ms,0.5671927152498519,0.492364511741589,0.34817121740992674,0.5001829623533417,0.7366457571862045
114,cameroon,UMAP_XGBoost_msnl,0.6286647063371986,0.5427208187403766,0.31363341003127687,0.4644270730904686,0.7459524151400915
115,cameroon,UMAP_XGBoost_nl,0.6573234440627954,0.5668634335047595,0.2970747497949477,0.45218845401586805,0.7903427556128957
116,cote_d_ivoire,PCA_NGB_ms,0.5976961400840778,0.3928591453341168,0.30660000670319176,0.41467283982035563,0.7665452492273955
117,cote_d_ivoire,PCA_NGB_msnl,0.649336648253898,0.5513843675496435,0.22654636870406109,0.35681424822994207,0.7910871312559727
118,cote_d_ivoire,PCA_NGB_nl,0.6352687235510409,0.6168764542599633,0.1934735256066545,0.3432227531153236,0.7887651730686032
119,cote_d_ivoire,PCA_RandomForest_ms,0.5977456247006411,0.40278704074086624,0.30158651967647365,0.41066870891246793,0.767793711649886
120,cote_d_ivoire,PCA_RandomForest_msnl,0.6529316074737248,0.5707635900355953,0.21676005684836286,0.3452412309617723,0.7895389861251051
121,cote_d_ivoire,PCA_RandomForest_nl,0.6364049177309075,0.6176683998071265,0.19307360109457003,0.34209908332272515,0.7880049374875878
122,cote_d_ivoire,PCA_Ridge_ms,0.5864422443264097,0.38143359365248963,0.31236979365348816,0.4222909212112427,0.7676054462532041
123,cote_d_ivoire,PCA_Ridge_msnl,0.6409223634892705,0.5362930577249598,0.23416732251644135,0.36530980467796326,0.7922331272376214
124,cote_d_ivoire,PCA_Ridge_nl,0.6424897137169552,0.5993414550060311,0.20232851803302765,0.34580811858177185,0.7896921880343432
125,cote_d_ivoire,PCA_XGBoost_ms,0.6056665962841074,0.5157972816758075,0.24451748806394935,0.3728630911296675,0.7721964924733056
126,cote_d_ivoire,PCA_XGBoost_msnl,0.6436302462518865,0.5886602695686364,0.20772241422782978,0.34225915635245,0.7951761002715789
127,cote_d_ivoire,PCA_XGBoost_nl,0.6403350907514246,0.6354741069768255,0.18408189859978563,0.33111474921932316,0.7910767911781798
128,cote_d_ivoire,Resnet_ms,0.5915682527038528,0.4240803165228251,0.29083363021547004,0.4019464827806212,0.7671996102037049
129,cote_d_ivoire,Resnet_nl,0.64243079863138,0.5796781427042064,0.2122582976816927,0.3605618949128194,0.7897272939118539
130,cote_d_ivoire,Ridge_ms,0.6112527632429341,0.46603753190506647,0.26964566111564636,0.38896623253822327,0.7779622853926259
131,cote_d_ivoire,Ridge_msnl,0.6510367658949043,0.6014913948801672,0.2012428194284439,0.33451250195503235,0.7918869106525154
132,cote_d_ivoire,Ridge_nl,0.6391161729624315,0.6244031570496296,0.18967260420322418,0.33753496408462524,0.7877205087931144
133,cote_d_ivoire,UMAP_NGB_ms,0.5949176281353629,0.3868354208592203,0.30964192679502583,0.41747028203115305,0.7672713692653962
134,cote_d_ivoire,UMAP_NGB_msnl,0.6449402297273856,0.565512030194471,0.2194120415898229,0.35004653716755146,0.7901866270770395
135,cote_d_ivoire,UMAP_NGB_nl,0.6384040792900542,0.6237939666141196,0.18998025165242377,0.3393281678320649,0.7879992629282692
136,cote_d_ivoire,UMAP_RandomForest_ms,0.5924996097662792,0.3911704602118906,0.30745277565427653,0.41642433773731624,0.767705195755518
137,cote_d_ivoire,UMAP_RandomForest_msnl,0.6363557977073812,0.5617619400462162,0.22130579928337368,0.35017206167940146,0.7907312533063163
138,cote_d_ivoire,UMAP_RandomForest_nl,0.6392330109704759,0.6287295152774903,0.1874878493677741,0.33410713308912776,0.7856565413423273
139,cote_d_ivoire,UMAP_Ridge_ms,0.5996299034744688,0.3890496065065572,0.3085237741470337,0.4174303412437439,0.7699030654089077
140,cote_d_ivoire,UMAP_Ridge_msnl,0.646590001259316,0.5705923866516207,0.2168464958667755,0.35037311911582947,0.7946962887640008
141,cote_d_ivoire,UMAP_Ridge_nl,0.6396410110485249,0.6189450935726498,0.19242888689041138,0.3411909341812134,0.7826876575603231
142,cote_d_ivoire,UMAP_XGBoost_ms,0.6053706414257111,0.5156883362086961,0.24457250442578682,0.3731748342590512,0.7760653203217901
143,cote_d_ivoire,UMAP_XGBoost_msnl,0.6328320409784443,0.5843009559049179,0.20992382365077644,0.34493709898904057,0.7919914617863764
144,cote_d_ivoire,UMAP_XGBoost_nl,0.6396439101280841,0.6362683782434876,0.18368079962281628,0.32960799503170196,0.7835894362827228
145,democratic_republic_of_congo,PCA_NGB_ms,0.6265359527127086,0.4174393447082353,0.269785182515932,0.4123049478594463,0.6581789720037468
146,democratic_republic_of_congo,PCA_NGB_msnl,0.752384252640719,0.5680811532311847,0.2000226136954549,0.3739302941501121,0.6799245782443526
147,democratic_republic_of_congo,PCA_NGB_nl,0.8161187192374508,0.5354655187851098,0.21512698920035456,0.41292940486000157,0.5311208224741728
148,democratic_republic_of_congo,PCA_RandomForest_ms,0.6241336212901106,0.41591577586676687,0.27049075075889084,0.411533707932734,0.6539701114886821
149,democratic_republic_of_congo,PCA_RandomForest_msnl,0.7504509613917969,0.5678476343883503,0.20013075680993186,0.371941065565921,0.6755045051473615
150,democratic_republic_of_congo,PCA_RandomForest_nl,0.8132705248054422,0.5449504634303902,0.21073448946828988,0.4070398759331659,0.5389156042233694
151,democratic_republic_of_congo,PCA_Ridge_ms,0.6273470800594261,0.40847884097333464,0.27393481135368347,0.4252881407737732,0.644087514810446
152,democratic_republic_of_congo,PCA_Ridge_msnl,0.8021188285470124,0.5864193196934444,0.19153015315532684,0.37982022762298584,0.6729367873693031
153,democratic_republic_of_congo,PCA_Ridge_nl,0.8052949194300254,0.5376560710056251,0.2141125351190567,0.4119241535663605,0.544765420994651
154,democratic_republic_of_congo,PCA_XGBoost_ms,0.6184101809584714,0.42614670661646314,0.2657527831420556,0.4013409242917721,0.6656759060780816
155,democratic_republic_of_congo,PCA_XGBoost_msnl,0.783153421001985,0.6021511270917159,0.184244730254849,0.3630854957169149,0.6853201968861705
156,democratic_republic_of_congo,PCA_XGBoost_nl,0.8182792885831384,0.5462957017787279,0.21011150648782764,0.4075902786893332,0.5442382798455196
157,democratic_republic_of_congo,Resnet_ms,0.6231760807891497,0.24953834154607557,0.3475405241636185,0.5157731646312952,0.6591407417319196
158,democratic_republic_of_congo,Resnet_nl,0.8055572266700947,0.4581429718965627,0.2509352389258287,0.45540362383530586,0.5447457087113887
159,democratic_republic_of_congo,Ridge_ms,0.6603287645616298,0.43031649991498244,0.26382172107696533,0.41667506098747253,0.6618518883866455
160,democratic_republic_of_congo,Ridge_msnl,0.7908176839640682,0.5619757297842827,0.20285004377365112,0.39208123087882996,0.690393238688215
161,democratic_republic_of_congo,Ridge_nl,0.8179262984784295,0.4566178568324236,0.25164151191711426,0.45338505506515503,0.5504771333969396
162,democratic_republic_of_congo,UMAP_NGB_ms,0.6305414446389073,0.41536503873252417,0.27074579839544216,0.41572930309258027,0.655687782474253
163,democratic_republic_of_congo,UMAP_NGB_msnl,0.7537299593976939,0.5318536034739308,0.21679967550796397,0.39572151905897607,0.6840734734001206
164,democratic_republic_of_congo,UMAP_NGB_nl,0.8322263697527839,0.544800143417567,0.21080410301277994,0.4086173028822685,0.5546343012684102
165,democratic_republic_of_congo,UMAP_RandomForest_ms,0.6344526555859399,0.4311567106781825,0.2634326387108812,0.40916801350770743,0.6600384696439047
166,democratic_republic_of_congo,UMAP_RandomForest_msnl,0.7542830192023894,0.5476823264501843,0.20946935740571598,0.3871423750864422,0.6628247252302691
167,democratic_republic_of_congo,UMAP_RandomForest_nl,0.8289126294353177,0.553813371482257,0.20663005631669426,0.4025607644832072,0.5477119317062519
168,democratic_republic_of_congo,UMAP_Ridge_ms,0.6175953350950891,0.40689912866180344,0.2746663987636566,0.4190850555896759,0.6594681106500898
169,democratic_republic_of_congo,UMAP_Ridge_msnl,0.7547678433042826,0.5241318054879422,0.220375657081604,0.4023273289203644,0.6860772890911386
170,democratic_republic_of_congo,UMAP_Ridge_nl,0.8122522157193544,0.5423946955233563,0.21191805601119995,0.40768489241600037,0.5366465271135321
171,democratic_republic_of_congo,UMAP_XGBoost_ms,0.62328289228721,0.4181196115063269,0.2694701493934312,0.4140663259448314,0.6533874228551053
172,democratic_republic_of_congo,UMAP_XGBoost_msnl,0.7575734950745867,0.5513412772418029,0.20777488885867812,0.3866081696232721,0.6857398156263179
173,democratic_republic_of_congo,UMAP_XGBoost_nl,0.8261636268258619,0.5522166375489552,0.20736950748235777,0.40299962953251706,0.5456799751569607
174,ethiopia,PCA_NGB_ms,0.7015936452894197,0.3845171070618796,0.4263975206810312,0.5466794152415053,0.649489915062802
175,ethiopia,PCA_NGB_msnl,0.7887531121543918,0.5457657303018566,0.3146868396017627,0.4813750594797655,0.6772391450573346
176,ethiopia,PCA_NGB_nl,0.8026257049826683,0.6528560952483984,0.2404962055062297,0.425778948663932,0.7326210426089006
177,ethiopia,PCA_RandomForest_ms,0.7026008813434047,0.3864371143523009,0.425067367791782,0.545047840679384,0.6530466359813453
178,ethiopia,PCA_RandomForest_msnl,0.7648468876116902,0.5663036479777848,0.3004584714741577,0.46643940241821996,0.6734626542303598
179,ethiopia,PCA_RandomForest_nl,0.8014312453814354,0.6577421843286007,0.2371111946577895,0.4219480111086429,0.732493707237373
180,ethiopia,PCA_Ridge_ms,0.7004958852590768,0.3865017809956768,0.42502257227897644,0.546244204044342,0.651370401190661
181,ethiopia,PCA_Ridge_msnl,0.796575584087865,0.5209861585306773,0.3318537473678589,0.5019020438194275,0.6747946219141719
182,ethiopia,PCA_Ridge_nl,0.8066605154826902,0.5513020601806158,0.3108513653278351,0.4947602152824402,0.7326662532897038
183,ethiopia,PCA_XGBoost_ms,0.7031249808479829,0.38847367540336664,0.4236564681667012,0.5447957059401112,0.6496058259690676
184,ethiopia,PCA_XGBoost_msnl,0.7870472168340658,0.5493732637087558,0.31218759337067303,0.47662326955316414,0.6799329027560712
185,ethiopia,PCA_XGBoost_nl,0.7994313239831629,0.6582627955701799,0.23675052282564754,0.42129783511109603,0.7321982028871584
186,ethiopia,Resnet_ms,0.6967454615537847,0.3754364810881492,0.43268844516627064,0.5550642017140065,0.651214478212358
187,ethiopia,Resnet_nl,0.806928187084854,0.5656359350591015,0.30092105319059526,0.4878489395076915,0.7326716589839634
188,ethiopia,Ridge_ms,0.7180890997393021,0.4602034963328324,0.3739630877971649,0.5143890380859375,0.6580280996540558
189,ethiopia,Ridge_msnl,0.807674544000804,0.6591866750902942,0.23611049354076385,0.413193941116333,0.6851804845536986
190,ethiopia,Ridge_nl,0.8086538333577806,0.6653297573878286,0.2318546324968338,0.41840988397598267,0.7046823417425934
191,ethiopia,UMAP_NGB_ms,0.7066411615347639,0.38483023939366934,0.42618058719441093,0.5514659012263975,0.65270858997086
192,ethiopia,UMAP_NGB_msnl,0.7868170960569066,0.5861930595604116,0.2866793788560802,0.45356990574609385,0.6683814990516962
193,ethiopia,UMAP_NGB_nl,0.7999149192860394,0.6551132063172536,0.23893251206372437,0.42449612144021415,0.6306318571639548
194,ethiopia,UMAP_RandomForest_ms,0.7073333567645904,0.38527965283613674,0.4258692401532055,0.5501015157063462,0.6514856069896513
195,ethiopia,UMAP_RandomForest_msnl,0.785609127875367,0.5913739744636054,0.28309011700180575,0.449927239716681,0.6737158286206095
196,ethiopia,UMAP_RandomForest_nl,0.8020286681683638,0.6601301885214068,0.23545682037887541,0.4211600276874788,0.655901672782003
197,ethiopia,UMAP_Ridge_ms,0.7037843615603521,0.3858034195055712,0.4255064129829407,0.5473528504371643,0.6506995907585823
198,ethiopia,UMAP_Ridge_msnl,0.7817818779571475,0.5731092693643984,0.2957436442375183,0.4578976035118103,0.6768474681369878
199,ethiopia,UMAP_Ridge_nl,0.7932442113123592,0.6458004927211639,0.24538423120975494,0.42568787932395935,0.6066336557718252
200,ethiopia,UMAP_XGBoost_ms,0.7088057551814536,0.38556798658457014,0.42566948676140326,0.5515630107386047,0.6614414716661831
201,ethiopia,UMAP_XGBoost_msnl,0.7827598126361726,0.5896494533913264,0.28428483990640474,0.44971870526756236,0.658026177526035
202,ethiopia,UMAP_XGBoost_nl,0.8010367581912595,0.6616944538821338,0.23437312028070187,0.4197569803861599,0.6213814758301519
203,ghana,PCA_NGB_ms,0.6171837964788214,0.19254697980433388,0.39008304964133805,0.514350800518648,0.8055322696101659
204,ghana,PCA_NGB_msnl,0.6937635269854684,0.5065227612670312,0.23840037921574214,0.3959466521898236,0.8508903606370459
205,ghana,PCA_NGB_nl,0.7118198705639174,0.6001730470258552,0.1931576367219035,0.3523097771275298,0.8606689494834432
206,ghana,PCA_RandomForest_ms,0.6203274407514845,0.20023086782414357,0.38637093959047275,0.5115068364723897,0.8085910194824183
207,ghana,PCA_RandomForest_msnl,0.691101041612534,0.5133757361295731,0.23508968587924564,0.38945913794781134,0.8498777383797028
208,ghana,PCA_RandomForest_nl,0.7108937581562738,0.6001449437824589,0.19317121348564661,0.35125719111387543,0.8608362506588773
209,ghana,PCA_Ridge_ms,0.6145395221049945,0.175444938109377,0.39834508299827576,0.5260103940963745,0.806051791440222
210,ghana,PCA_Ridge_msnl,0.702587388479742,0.5301928048411003,0.2269652932882309,0.3849360942840576,0.8552230083836725
211,ghana,PCA_Ridge_nl,0.7146697769528352,0.6077869801592843,0.18947932124137878,0.3513815701007843,0.8634545520761148
212,ghana,PCA_XGBoost_ms,0.6194455765846361,0.23204614073302576,0.3710008829171311,0.5160340891433546,0.8074998912400736
213,ghana,PCA_XGBoost_msnl,0.6972418641749586,0.531148128074878,0.2265037884015624,0.3787895676282505,0.8532480627489274
214,ghana,PCA_XGBoost_nl,0.7123481039242509,0.6056241830219962,0.19052417607441086,0.34846636584614094,0.8597593272463009
215,ghana,Resnet_ms,0.6156508523839297,0.4241881232942307,0.2781764972910237,0.42012001341391647,0.805953707384208
216,ghana,Resnet_nl,0.7146523415210807,0.5337722248483354,0.22523607914004248,0.39456098335806705,0.8634462574413567
217,ghana,Ridge_ms,0.6313982692702211,0.2656970608753644,0.3547440469264984,0.4896054267883301,0.8098248652672668
218,ghana,Ridge_msnl,0.6942238916595365,0.5299881041937253,0.22706420719623566,0.38783812522888184,0.8465300237913455
219,ghana,Ridge_nl,0.7152116585072896,0.6044942406605129,0.1910700649023056,0.3520577847957611,0.8635298777280115
220,ghana,UMAP_NGB_ms,0.6269834683120651,0.21038455375077603,0.38146566253744824,0.5101209242930439,0.8076765163835559
221,ghana,UMAP_NGB_msnl,0.6724894319998601,0.459003709302766,0.2613569800862101,0.4192251824525989,0.8378352093325164
222,ghana,UMAP_NGB_nl,0.7092361624978784,0.5936924559771508,0.19628843028701318,0.3546839100265184,0.8588263055401089
223,ghana,UMAP_RandomForest_ms,0.6267512580812062,0.21789056434722565,0.37783948561957165,0.5082603172951811,0.8101071702597655
224,ghana,UMAP_RandomForest_msnl,0.6780220587350237,0.48273639802872625,0.24989164481237852,0.40379568516689174,0.8416981943810214
225,ghana,UMAP_RandomForest_nl,0.7106269129189291,0.5998596959882667,0.19330901757663255,0.3515534502622696,0.8589668989313195
226,ghana,UMAP_Ridge_ms,0.622093736461693,0.20232715986945915,0.38535821437835693,0.513952374458313,0.8067011058173773
227,ghana,UMAP_Ridge_msnl,0.6637282354393257,0.417798327575722,0.28126341104507446,0.4383241832256317,0.8335290132715452
228,ghana,UMAP_Ridge_nl,0.714444355864785,0.6036803787264737,0.19146321713924408,0.35102391242980957,0.8626331758691967
229,ghana,UMAP_XGBoost_ms,0.6167083412476619,0.22870359488816894,0.37261567714554555,0.5170440777096479,0.8059005713857227
230,ghana,UMAP_XGBoost_msnl,0.6744700490332635,0.4787919612935093,0.2517972143901825,0.40714217209306863,0.8399005037618041
231,ghana,UMAP_XGBoost_nl,0.7096265608313326,0.5974634063873254,0.19446667248902919,0.3521535833243353,0.8570253916974773
232,guinea,PCA_NGB_ms,0.7850458305527385,0.7714230347033012,0.1598469764991325,0.3093313105591189,0.8018465540557782
233,guinea,PCA_NGB_msnl,0.8300379682177318,0.8098090933275761,0.13300308432108976,0.2854740177955373,0.7909273204066005
234,guinea,PCA_NGB_nl,0.8023543937290925,0.7700804633317282,0.16078585489486966,0.32099208528991086,0.7191775264677015
235,guinea,PCA_RandomForest_ms,0.7834720329213914,0.7644783680763114,0.16470347619794434,0.31314537861769043,0.8043044922721362
236,guinea,PCA_RandomForest_msnl,0.8315309367578138,0.8105722089978664,0.13246942716776866,0.28365491563373724,0.8070876343070478
237,guinea,PCA_RandomForest_nl,0.8032729178508957,0.7721504830225332,0.15933826200886145,0.3195558106067677,0.7163742139618223
238,guinea,PCA_Ridge_ms,0.7927996216467115,0.7880978537830506,0.14818602800369263,0.293936163187027,0.7998497761086234
239,guinea,PCA_Ridge_msnl,0.8313848324991433,0.8182663914649666,0.1270887702703476,0.27991023659706116,0.7875091945466061
240,guinea,PCA_Ridge_nl,0.7666394194167339,0.7514295277923346,0.17382870614528656,0.3276248574256897,0.718775541950466
241,guinea,PCA_XGBoost_ms,0.7910334752082414,0.7818826161782121,0.1525324491055229,0.30188699705991895,0.8204131157012855
242,guinea,PCA_XGBoost_msnl,0.8265714030795938,0.8076159003392523,0.13453681396706524,0.2877872406272218,0.7986306514516828
243,guinea,PCA_XGBoost_nl,0.8043551497167691,0.7757217755194599,0.15684080865835967,0.31608264070004216,0.7229724307349805
244,guinea,Resnet_ms,0.7769679912804323,0.7536974766848964,0.172242699980386,0.3265256316298295,0.7660560672896364
245,guinea,Resnet_nl,0.7666565723209744,0.7380256871788131,0.1832021952454779,0.35243635708705595,0.7188328759208436
246,guinea,Ridge_ms,0.7902714009714238,0.7848713349786576,0.15044240653514862,0.2960764169692993,0.8011280125334727
247,guinea,Ridge_msnl,0.8308362286724993,0.8180019225461463,0.12727370858192444,0.28017720580101013,0.7875963066256291
248,guinea,Ridge_nl,0.7982051201836704,0.7701673373960191,0.16072510182857513,0.32009339332580566,0.7185168724096933
249,guinea,UMAP_NGB_ms,0.7768805161075303,0.7611909251665302,0.1670024296767428,0.31258714840862495,0.7892177125678232
250,guinea,UMAP_NGB_msnl,0.8287747820004358,0.8117080550736175,0.13167511457926465,0.28524275148209455,0.8101870278301702
251,guinea,UMAP_NGB_nl,0.8049203393691907,0.7732703747765372,0.1585551064942562,0.31742352603864415,0.7238008571259811
252,guinea,UMAP_RandomForest_ms,0.7694812824665767,0.7535174760760524,0.17236857685102508,0.3216503008410022,0.7767877737365709
253,guinea,UMAP_RandomForest_msnl,0.8258598752360826,0.8134909937223993,0.13042828136524726,0.27984429688605805,0.8173628595873287
254,guinea,UMAP_RandomForest_nl,0.8080833457113686,0.7795772601954845,0.15414461585694894,0.3139250261459966,0.7350730202964614
255,guinea,UMAP_Ridge_ms,0.744117062421882,0.7353104859366035,0.1851009577512741,0.3314553201198578,0.7449273880820898
256,guinea,UMAP_Ridge_msnl,0.8111089470117214,0.7910428095394886,0.1461266130208969,0.3006611466407776,0.7614777941977133
257,guinea,UMAP_Ridge_nl,0.8029666608763932,0.7723040642213762,0.15923085808753967,0.3223879933357239,0.7502028633876937
258,guinea,UMAP_XGBoost_ms,0.7852722094797486,0.7691638157837039,0.16142687897565067,0.30807901159549755,0.7985678474143447
259,guinea,UMAP_XGBoost_msnl,0.8334737149323328,0.8213285104610296,0.12494739945614837,0.2762839632605511,0.8237511136237525
260,guinea,UMAP_XGBoost_nl,0.8064719270848244,0.7813572824768185,0.15289982209829966,0.31347788383524566,0.7448054342030678
261,kenya,PCA_NGB_ms,0.541628157680105,0.5333842902486667,0.22342200559196593,0.3691041472543906,0.6675670925942881
262,kenya,PCA_NGB_msnl,0.600590444587683,0.5982348781026547,0.1923706541278726,0.34667808099119024,0.7380104597488264
263,kenya,PCA_NGB_nl,0.6212943409776128,0.6017560536216631,0.19068466696529415,0.3497891061810957,0.7805528966654233
264,kenya,PCA_RandomForest_ms,0.5370865884801043,0.5339465531933183,0.22315278637765562,0.3674050720615256,0.6660837386852254
265,kenya,PCA_RandomForest_msnl,0.604217420938442,0.6018809032464946,0.1906248872515076,0.34524309331197384,0.7445572470425319
266,kenya,PCA_RandomForest_nl,0.6186481653264126,0.5983740753370446,0.19230400458172509,0.3508923968787202,0.7804432454550001
267,kenya,PCA_Ridge_ms,0.5429505041371421,0.5340162034587624,0.22311945259571075,0.36841151118278503,0.6680845599566
268,kenya,PCA_Ridge_msnl,0.6053746106353266,0.6030053647615905,0.1900864690542221,0.3437594175338745,0.7348987968588001
269,kenya,PCA_Ridge_nl,0.6053276791498696,0.5870460916219808,0.1977279931306839,0.3554554879665375,0.7832857526762547
270,kenya,PCA_XGBoost_ms,0.5444422473906589,0.5429089961829595,0.218861445675011,0.36526686907733175,0.6699151564894125
271,kenya,PCA_XGBoost_msnl,0.6021866738217171,0.5998323692124123,0.1916057534607957,0.3457512736479772,0.7376971480516658
272,kenya,PCA_XGBoost_nl,0.6226696961342877,0.6064924279233551,0.18841682594836354,0.3466619846068483,0.7834781509030434
273,kenya,Resnet_ms,0.5424441479305269,0.5039773248482207,0.23750246420241977,0.3786579055714892,0.6680136680497178
274,kenya,Resnet_nl,0.6053392471617451,0.5989961379608078,0.1920061524603745,0.3486591714502255,0.7832892749007995
275,kenya,Ridge_ms,0.5422319507994331,0.5337617665864389,0.22324128448963165,0.36854466795921326,0.6678567444424443
276,kenya,Ridge_msnl,0.6051796621143559,0.6021956427499731,0.19047418236732483,0.344957172870636,0.734683912435738
277,kenya,Ridge_nl,0.6053415914558435,0.5871968575144364,0.1976558119058609,0.35538843274116516,0.7832852861010153
278,kenya,UMAP_NGB_ms,0.5418646447914947,0.5335167464680663,0.22335858373630837,0.36877812044873093,0.668768566015763
279,kenya,UMAP_NGB_msnl,0.5937433863633322,0.5913321756080488,0.19567576281392904,0.3500058117752656,0.7329833628554772
280,kenya,UMAP_NGB_nl,0.6217271532432407,0.6027161915485655,0.19022493974910645,0.3487812140848348,0.7808867881579303
281,kenya,UMAP_RandomForest_ms,0.5442124494859623,0.54034162353109,0.2200907389349579,0.3664910813576991,0.6715484096723329
282,kenya,UMAP_RandomForest_msnl,0.6082451771039342,0.6023786226413397,0.19038657237463055,0.34564609452505063,0.7406276353371316
283,kenya,UMAP_RandomForest_nl,0.6209740784193785,0.6035662633893988,0.1898179136854588,0.34925562118947395,0.7814239271717232
284,kenya,UMAP_Ridge_ms,0.5318134936351839,0.522029023546488,0.2288590520620346,0.3737628161907196,0.6656095502960969
285,kenya,UMAP_Ridge_msnl,0.5976508298463301,0.5953285587302319,0.19376224279403687,0.35016846656799316,0.7404148862450456
286,kenya,UMAP_Ridge_nl,0.6233397055610546,0.6026255459243912,0.19026832282543182,0.3498217761516571,0.7813451386206209
287,kenya,UMAP_XGBoost_ms,0.539497989792335,0.5392298360173771,0.2206230780545264,0.3671712998817662,0.6663469044510927
288,kenya,UMAP_XGBoost_msnl,0.595471943112844,0.5935979054096003,0.19459090029041504,0.3496869969502256,0.7344561314744384
289,kenya,UMAP_XGBoost_nl,0.6243911045587234,0.605280516649648,0.1889971056983005,0.3487935303772426,0.7806019061849853
290,lesotho,PCA_NGB_ms,0.33061538478923175,0.2535555068109314,0.33572413942027757,0.4478259799465216,0.44261600016897884
291,lesotho,PCA_NGB_msnl,0.5933146876883557,0.5350811777697451,0.20910392255249233,0.352743381002482,0.7462737742133987
292,lesotho,PCA_NGB_nl,0.6513425514518278,0.6208558924767672,0.17052551177742495,0.3176798033126104,0.800834223016304
293,lesotho,PCA_RandomForest_ms,0.32389503211801857,0.26801438782705433,0.32922104986651957,0.4470681123110745,0.44225222755598737
294,lesotho,PCA_RandomForest_msnl,0.5825903310343319,0.5306969367633869,0.21107579795957343,0.35486895515013245,0.738795747364166
295,lesotho,PCA_RandomForest_nl,0.6531185179561297,0.623987383120467,0.1691170788516663,0.31640711878835776,0.8027714317786507
296,lesotho,PCA_Ridge_ms,0.32668058988294035,0.26086040811394573,0.3324386775493622,0.44711849093437195,0.44423253872985513
297,lesotho,PCA_Ridge_msnl,0.5439962981655846,0.4874429762730763,0.23052990436553955,0.37144872546195984,0.707076528003664
298,lesotho,PCA_Ridge_nl,0.6421195001580351,0.6050462244055581,0.17763613164424896,0.32613831758499146,0.8003597646926431
299,lesotho,PCA_XGBoost_ms,0.34218501564273857,0.29653267600055344,0.3163945398685921,0.43872078648467505,0.46029890369755483
300,lesotho,PCA_XGBoost_msnl,0.5975440666300766,0.5382333812382198,0.2076861737360867,0.35199426012145946,0.7453803073366553
301,lesotho,PCA_XGBoost_nl,0.6488280607804915,0.6454071724428299,0.159483220738398,0.311392193049766,0.8004542585433922
302,lesotho,Resnet_ms,0.3251810699372476,0.18849124219982105,0.36498772759446946,0.46288368309727057,0.4435674108431668
303,lesotho,Resnet_nl,0.6421786937957176,0.6046544574946815,0.17781234002301374,0.32578881131879345,0.8003514670689422
304,lesotho,Ridge_ms,0.3253666311837975,0.25224544965347817,0.3363133668899536,0.44885876774787903,0.43117778878000335
305,lesotho,Ridge_msnl,0.5681554555823745,0.5133790547001709,0.21886476874351501,0.36244621872901917,0.7122330730856162
306,lesotho,Ridge_nl,0.642162009582762,0.605483939614115,0.17743924260139465,0.32595011591911316,0.800353068580747
307,lesotho,UMAP_NGB_ms,0.3210634900995642,0.23582886577685735,0.34369695100945663,0.45179034636339005,0.44445626940657956
308,lesotho,UMAP_NGB_msnl,0.5604614094220601,0.4923139622253754,0.22833909243457254,0.36673503823504766,0.7373634673633823
309,lesotho,UMAP_NGB_nl,0.6499255792860805,0.62041004786492,0.17072603679970502,0.3176747585591759,0.791592507848369
310,lesotho,UMAP_RandomForest_ms,0.3376513341621823,0.24990754503798362,0.3373648626596287,0.44747773074006775,0.4597447906047045
311,lesotho,UMAP_RandomForest_msnl,0.5714977745808022,0.5152764728884236,0.2180113732248762,0.35978291039381316,0.7399444234662275
312,lesotho,UMAP_RandomForest_nl,0.6505223551145802,0.6283689651716842,0.16714639934787673,0.3120115956538232,0.7921017471454589
313,lesotho,UMAP_Ridge_ms,0.32333890189349646,0.22317316890857453,0.3493890166282654,0.45600801706314087,0.43689474815667934
314,lesotho,UMAP_Ridge_msnl,0.5783029761747152,0.4925058696155201,0.22825276851654053,0.3659955561161041,0.7412527622015578
315,lesotho,UMAP_Ridge_nl,0.6538283829655747,0.6253336180863975,0.16851158440113068,0.3165494501590729,0.7894231480925998
316,lesotho,UMAP_XGBoost_ms,0.33693418110982226,0.27586952929219966,0.32568808709102426,0.4461624987230763,0.44015876878529436
317,lesotho,UMAP_XGBoost_msnl,0.5675113770812178,0.5107366729659983,0.22005321349029888,0.36429928216270363,0.7222008074278269
318,lesotho,UMAP_XGBoost_nl,0.6464113815928478,0.6427054040182252,0.16069837991974326,0.31166597991829603,0.7954148008153985
319,malawi,PCA_NGB_ms,0.4778912581021898,0.1919921553354672,0.23830119461526203,0.3853463754116846,0.5664130402928661
320,malawi,PCA_NGB_msnl,0.5577667316944123,0.28430468967963995,0.21107597971488945,0.34912982411590066,0.6685544796677737
321,malawi,PCA_NGB_nl,0.5638702937384528,0.3036083195333321,0.20538286907874762,0.3351780741583085,0.700613421699192
322,malawi,PCA_RandomForest_ms,0.479075665846613,0.19272880144181592,0.2380839397354849,0.3846478700096424,0.5680138254714461
323,malawi,PCA_RandomForest_msnl,0.5601193258707289,0.2913819634319378,0.20898871929912946,0.3509149614623722,0.671728528884748
324,malawi,PCA_RandomForest_nl,0.5624458988630314,0.2984871133616155,0.2068932375196602,0.3367392988194256,0.697321625079149
325,malawi,PCA_Ridge_ms,0.46966042496939053,0.17699805227405063,0.24272331595420837,0.386527955532074,0.5683726787031487
326,malawi,PCA_Ridge_msnl,0.5576220273395762,0.28225849242172263,0.21167944371700287,0.3450932800769806,0.6749806701057132
327,malawi,PCA_Ridge_nl,0.5632603053718164,0.30039742838843375,0.2063298225402832,0.3355981707572937,0.7026143372130181
328,malawi,PCA_XGBoost_ms,0.4827850907164654,0.20209372063615239,0.23532199695705516,0.3817351930131103,0.5696513465398431
329,malawi,PCA_XGBoost_msnl,0.5581465234615539,0.29519576821956917,0.20786393537169212,0.3511892998043253,0.6654658776919886
330,malawi,PCA_XGBoost_nl,0.5640040251557943,0.3083061109640668,0.2039973759583656,0.3419243435021567,0.7028530915295018
331,malawi,Resnet_ms,0.47644783302488286,-0.007722292982860424,0.2972018500116768,0.4391788078909779,0.5698832400191732
332,malawi,Resnet_nl,0.5631807095239866,0.39768535704216945,0.17763725921585266,0.31550178198913936,0.7024777790951475
333,malawi,Ridge_ms,0.5106277274435911,0.25029026779299623,0.22110766172409058,0.3692815601825714,0.5947228889043407
334,malawi,Ridge_msnl,0.5554860314825874,0.27646755295819836,0.21338734030723572,0.3503880500793457,0.6724651653070964
335,malawi,Ridge_nl,0.5647284362003688,0.3057139040783886,0.20476187765598297,0.3351207673549652,0.7019235102443673
336,malawi,UMAP_NGB_ms,0.4883823743068658,0.2082628315680256,0.23350257587780832,0.37989852306160776,0.5746286863882436
337,malawi,UMAP_NGB_msnl,0.5571446170152293,0.27990129548427345,0.21237464791971783,0.35122059852408616,0.6651855179625588
338,malawi,UMAP_NGB_nl,0.5622611001044142,0.30054794299420473,0.20628544866391163,0.33647547585898535,0.6952832153919468
339,malawi,UMAP_RandomForest_ms,0.49048672138425214,0.23601385533799757,0.22531812301655366,0.38372753610850663,0.5689164928367594
340,malawi,UMAP_RandomForest_msnl,0.5513351811784819,0.2962681171708782,0.20754767354598241,0.3670368788104417,0.6650197622735349
341,malawi,UMAP_RandomForest_nl,0.5662483960406055,0.3335432225789491,0.19655433702479924,0.3520916098488294,0.6842822962391211
342,malawi,UMAP_Ridge_ms,0.47941236529937115,0.18762417338454052,0.23958942294120789,0.38660895824432373,0.5704578989646136
343,malawi,UMAP_Ridge_msnl,0.5408929704686649,0.26121503145570446,0.21788568794727325,0.3592072129249573,0.6656668279116272
344,malawi,UMAP_Ridge_nl,0.5576219383211232,0.2933174572077718,0.2084178924560547,0.3385668098926544,0.6829668368682766
345,malawi,UMAP_XGBoost_ms,0.4916409700035611,0.21655331411991174,0.23105751063605723,0.3757522588767783,0.5762491822715673
346,malawi,UMAP_XGBoost_msnl,0.557039700805067,0.2860812021889292,0.21055204290411708,0.3485009111280805,0.6681554372812909
347,malawi,UMAP_XGBoost_nl,0.5610040716467598,0.3129435545731809,0.20262968088051447,0.34546944161917,0.6935566933136217
348,mali,PCA_NGB_ms,0.7437586187206875,0.6791137429021832,0.1569015058266405,0.29001629800197876,0.7438765102815686
349,mali,PCA_NGB_msnl,0.7762475532866228,0.7066344771429984,0.1434448851446198,0.28597228374890266,0.8023744437151259
350,mali,PCA_NGB_nl,0.7742946621898849,0.7183825413553473,0.1377005164635276,0.27830349575132346,0.7940585417107904
351,mali,PCA_RandomForest_ms,0.7445326292582279,0.685407932501285,0.15382388001932398,0.2869368095076174,0.7369591406073704
352,mali,PCA_RandomForest_msnl,0.77702556984831,0.70904796633552,0.14226477823687045,0.28333877276483993,0.8075691910493785
353,mali,PCA_RandomForest_nl,0.7725720412004301,0.7189391867632455,0.13742833745685823,0.27808832981893045,0.7900777467095002
354,mali,PCA_Ridge_ms,0.7403280956311988,0.6670499184380009,0.16280026733875275,0.29905152320861816,0.7369502860597664
355,mali,PCA_Ridge_msnl,0.7781968151114462,0.6869200215486586,0.15308453142642975,0.3017309010028839,0.806074046439448
356,mali,PCA_Ridge_nl,0.7731037091280655,0.6759473083417851,0.15844976902008057,0.30649253726005554,0.7813290111652924
357,mali,PCA_XGBoost_ms,0.7440285660843957,0.7050420055848541,0.14422354480963243,0.2739704152589893,0.7380192381696213
358,mali,PCA_XGBoost_msnl,0.7715287506775244,0.7289548107540458,0.13253106793786182,0.2653982625173215,0.7809388744504483
359,mali,PCA_XGBoost_nl,0.776566210178572,0.7465581152964051,0.1239237033994074,0.25885789273227794,0.7840096662239079
360,mali,Resnet_ms,0.7428150697333231,0.6862466551976407,0.15341377565642794,0.28311359643552514,0.7369366137365656
361,mali,Resnet_nl,0.7733744178552697,0.6815827950600922,0.15569423068483737,0.3049098787654845,0.7813141118387275
362,mali,Ridge_ms,0.7345377703318299,0.6822092059954685,0.15538792312145233,0.28494226932525635,0.7166479962523812
363,mali,Ridge_msnl,0.7875212360666559,0.7537173385693676,0.1204231008887291,0.25673362612724304,0.8082045332807863
364,mali,Ridge_nl,0.7752500534742559,0.7191967089747968,0.137302428483963,0.2783099114894867,0.7809957336800883
365,mali,UMAP_NGB_ms,0.7394299426142048,0.676378637386519,0.15823887121549737,0.2910264495923584,0.7373192204063034
366,mali,UMAP_NGB_msnl,0.7772231645660799,0.7316274925432901,0.13122422544133186,0.26935589410670807,0.7951666170730991
367,mali,UMAP_NGB_nl,0.7710157285885687,0.7188269236530138,0.13748322996364068,0.27572011931825957,0.7902076293358592
368,mali,UMAP_RandomForest_ms,0.7428553350814496,0.6761600949118595,0.15834573039878336,0.29123116159428625,0.7343951178721863
369,mali,UMAP_RandomForest_msnl,0.775843148909242,0.7466736236421591,0.12386722409253946,0.25715206607653246,0.8015613150607406
370,mali,UMAP_RandomForest_nl,0.764822212646267,0.7258793188421637,0.13403486967900297,0.2714495898531,0.7597586273968118
371,mali,UMAP_Ridge_ms,0.7420797001612165,0.6792191685338846,0.1568499505519867,0.2911786437034607,0.735827636410273
372,mali,UMAP_Ridge_msnl,0.7803654823840454,0.7246473443740795,0.134637251496315,0.2770862281322479,0.8090924747153316
373,mali,UMAP_Ridge_nl,0.7644729332064948,0.7198020299531346,0.13700644671916962,0.2738581895828247,0.7626305316123538
374,mali,UMAP_XGBoost_ms,0.7438312917368834,0.7033431511421495,0.1450542217686627,0.2752283846294524,0.7371967663401774
375,mali,UMAP_XGBoost_msnl,0.7757725682560684,0.7369704025685067,0.128611740145032,0.26457689212500995,0.7959521582695798
376,mali,UMAP_XGBoost_nl,0.769722583151767,0.7499375721174767,0.1222712740654188,0.2579500753233225,0.7739496043495239
377,mozambique,PCA_NGB_ms,0.6973912534491931,0.6749083551076788,0.2341113116202132,0.3759172512631624,0.7366965273367151
378,mozambique,PCA_NGB_msnl,0.7501565920996434,0.7340689705160881,0.19150741980346334,0.3348381981284317,0.7857447497029121
379,mozambique,PCA_NGB_nl,0.7558691594398678,0.7393921478056296,0.18767398994815518,0.3237938929374285,0.8344666691309769
380,mozambique,PCA_RandomForest_ms,0.7009506530897288,0.6781517467626862,0.2317756174048071,0.37270299409133006,0.7425481377700861
381,mozambique,PCA_RandomForest_msnl,0.7566213395567152,0.7458105983820005,0.18305181061315132,0.3231165962584736,0.7908749451125009
382,mozambique,PCA_RandomForest_nl,0.7558467972097563,0.7381744228959197,0.18855092166966772,0.32466997976255413,0.8304923807837432
383,mozambique,PCA_Ridge_ms,0.6965513423524641,0.6723344054509639,0.23596493899822235,0.3761955797672272,0.7363358074828061
384,mozambique,PCA_Ridge_msnl,0.7596107683598916,0.7375216207351478,0.189021036028862,0.3326583802700043,0.786957283816419
385,mozambique,PCA_Ridge_nl,0.7532917159701391,0.7225316724162041,0.19981588423252106,0.3441072404384613,0.8356385439113532
386,mozambique,PCA_XGBoost_ms,0.6971656040985119,0.6777587459644794,0.23205863277533895,0.37386459757391666,0.7372820818696392
387,mozambique,PCA_XGBoost_msnl,0.7538042343748872,0.7431691443750593,0.1849540257942098,0.32588472902966586,0.7887794311427568
388,mozambique,PCA_XGBoost_nl,0.7581865299481577,0.7413145221636701,0.18628961237507105,0.3226026936131716,0.833326953590292
389,mozambique,Resnet_ms,0.7037035496450935,0.6287185742742889,0.26737439402867313,0.42165115200240794,0.7366192910155297
390,mozambique,Resnet_nl,0.750374494963313,0.7121864527529056,0.20726588365690424,0.36021049682882966,0.8364534511471926
391,mozambique,Ridge_ms,0.7095274248768533,0.6872940858651757,0.2251918464899063,0.36733728647232056,0.740704977111408
392,mozambique,Ridge_msnl,0.7624716809545049,0.7502838313480293,0.17983047664165497,0.32023411989212036,0.7871357243672154
393,mozambique,Ridge_nl,0.7526973257967065,0.737157171717294,0.18928349018096924,0.32513317465782166,0.8291311220807392
394,mozambique,UMAP_NGB_ms,0.7044178590253736,0.6812973260312252,0.22951036174557007,0.3727322077205905,0.7407204133303482
395,mozambique,UMAP_NGB_msnl,0.752910218187832,0.7394413669966644,0.18763854526801307,0.33061919345396196,0.7852464168178029
396,mozambique,UMAP_NGB_nl,0.7502386435740964,0.7330404910754929,0.19224806840085176,0.32970844237384783,0.7851713738673841
397,mozambique,UMAP_RandomForest_ms,0.7065731257873513,0.6848208243288831,0.22697295169238485,0.36888165334531886,0.7427913976534345
398,mozambique,UMAP_RandomForest_msnl,0.7606944422719973,0.7468036718051002,0.1823366592849956,0.32522231674928237,0.7883853362096522
399,mozambique,UMAP_RandomForest_nl,0.7536584797698084,0.7365318475499036,0.1897338049419161,0.3271776574915527,0.7881052304551658
400,mozambique,UMAP_Ridge_ms,0.6965563169442248,0.673978869374936,0.2347806692123413,0.3771211504936218,0.738437356217449
401,mozambique,UMAP_Ridge_msnl,0.7508224912967876,0.7372665006831323,0.18920476734638214,0.3304692208766937,0.7887187175879121
402,mozambique,UMAP_Ridge_nl,0.757205263726636,0.7387977779214197,0.18810202181339264,0.3261013925075531,0.7877194947759447
403,mozambique,UMAP_XGBoost_ms,0.7116733210364989,0.688999455700611,0.22396375448112887,0.36983542337529446,0.7408370885539451
404,mozambique,UMAP_XGBoost_msnl,0.7590450681088734,0.7451908137687389,0.18349814195082914,0.3267402513762162,0.7878104701189717
405,mozambique,UMAP_XGBoost_nl,0.7583862309689026,0.7384908386511129,0.18832305820830403,0.32852363159410686,0.7864970550394588
406,nigeria,PCA_NGB_ms,0.6023476440873893,0.36867804620045574,0.4071522385429257,0.5080708822749764,0.765687463387281
407,nigeria,PCA_NGB_msnl,0.6439564488445706,0.47058034032076634,0.34143339744442996,0.4686012542032342,0.802348986365019
408,nigeria,PCA_NGB_nl,0.5936705565933522,0.41373040763740454,0.37809706360357465,0.4857997825574672,0.7718899188416188
409,nigeria,PCA_RandomForest_ms,0.6032042703719911,0.3675427823877191,0.40788439303226454,0.5089606070832877,0.7663916223753131
410,nigeria,PCA_RandomForest_msnl,0.6696224987659526,0.48523056508756646,0.33198517253626597,0.46139549127609536,0.8170044098477097
411,nigeria,PCA_RandomForest_nl,0.5936581036422934,0.41133748186026775,0.37964030961452777,0.48728287922744146,0.769597197084111
412,nigeria,PCA_Ridge_ms,0.6014375058994261,0.3650183469391227,0.4095124900341034,0.5099175572395325,0.7679472993640032
413,nigeria,PCA_Ridge_msnl,0.6627679766690022,0.48018746831589254,0.3352375626564026,0.45908796787261963,0.8149324392642705
414,nigeria,PCA_Ridge_nl,0.5763677713935635,0.4056044616927905,0.3833376467227936,0.4799003303050995,0.7766148468998062
415,nigeria,PCA_XGBoost_ms,0.6062725219558172,0.4204175436922438,0.3737843949282929,0.5004806332053328,0.7674269116293418
416,nigeria,PCA_XGBoost_msnl,0.6570050082339925,0.4861056506451612,0.3314208122418916,0.4592188731707825,0.8089846629325954
417,nigeria,PCA_XGBoost_nl,0.5948028579256729,0.4598098925662658,0.34837947604499603,0.4789163913347375,0.7762493484541606
418,nigeria,Resnet_ms,0.5969249447046725,0.4585657099065895,0.34918187449161225,0.4749172640856384,0.7660397880217122
419,nigeria,Resnet_nl,0.5786841153190438,0.42351755724655915,0.37178513377389044,0.48355436811450014,0.7761745240108081
420,nigeria,Ridge_ms,0.6064677194777381,0.37397485202370684,0.4037362337112427,0.5061242580413818,0.7682812586027553
421,nigeria,Ridge_msnl,0.6620351685957679,0.4845370512849865,0.33243244886398315,0.4592209756374359,0.8104353238365556
422,nigeria,Ridge_nl,0.5823960674936188,0.4223165937780403,0.37255963683128357,0.4741458296775818,0.7780096533232328
423,nigeria,UMAP_NGB_ms,0.6060560728307577,0.36972373624935895,0.4064778519772904,0.5080280340641522,0.7691675814094121
424,nigeria,UMAP_NGB_msnl,0.6611370344176901,0.47876286734156337,0.3361563210281816,0.4643558092434482,0.8089454549372338
425,nigeria,UMAP_NGB_nl,0.5977276505715176,0.41277564491432095,0.37871280930612977,0.48596541625190226,0.7723880199513794
426,nigeria,UMAP_RandomForest_ms,0.6065305074125774,0.3723095459285545,0.40481021125452743,0.5068739741866348,0.7692387079687296
427,nigeria,UMAP_RandomForest_msnl,0.6642407004095702,0.484994851468178,0.3321371889950814,0.46168230572998614,0.8092199667340251
428,nigeria,UMAP_RandomForest_nl,0.6000930223899756,0.4168046252389288,0.37611443877848244,0.48322755998102296,0.7746172611428012
429,nigeria,UMAP_Ridge_ms,0.605260253105385,0.37645729122646043,0.4021352529525757,0.5045217275619507,0.7672369840480959
430,nigeria,UMAP_Ridge_msnl,0.6640812136510057,0.48493239719738657,0.33217743039131165,0.4622930586338043,0.8094318086600099
431,nigeria,UMAP_Ridge_nl,0.5979739800759489,0.4107924441454984,0.3799918293952942,0.4875163435935974,0.7721356669307367
432,nigeria,UMAP_XGBoost_ms,0.605049325687309,0.4217175991896207,0.372945962963744,0.4988930440999985,0.7674051568967142
433,nigeria,UMAP_XGBoost_msnl,0.6606678553068595,0.49124407032063755,0.32810694194029344,0.45846303327787863,0.8095942214462833
434,nigeria,UMAP_XGBoost_nl,0.5887148836216975,0.45649123404553593,0.3505197457402643,0.4800585864703492,0.773760626096567
435,rwanda,PCA_NGB_ms,0.6233351877875154,0.6028564861462616,0.12259835466052706,0.2609117624353715,0.6026874779454721
436,rwanda,PCA_NGB_msnl,0.6798745009948781,0.6336278760355993,0.11309921482957985,0.2517862831040723,0.6409270155989837
437,rwanda,PCA_NGB_nl,0.6699768467884432,0.5595911321043519,0.1359543860051477,0.28437892443607227,0.6696700345352267
438,rwanda,PCA_RandomForest_ms,0.6212083577154512,0.6034464223307635,0.1224162411346814,0.26115936204276935,0.602339264276952
439,rwanda,PCA_RandomForest_msnl,0.6830654681809931,0.6378337445546224,0.11180086160873226,0.24816059732086992,0.6607062474294778
440,rwanda,PCA_RandomForest_nl,0.66977831752909,0.562436517551381,0.13507601442910017,0.2822730542774883,0.6729921803458923
441,rwanda,PCA_Ridge_ms,0.6205436858474513,0.5991937949074042,0.12372902780771255,0.2635590434074402,0.6063572625181509
442,rwanda,PCA_Ridge_msnl,0.6814807754892769,0.6340262393488701,0.11297623813152313,0.26232123374938965,0.6284731483882686
443,rwanda,PCA_Ridge_nl,0.6654751987932492,0.543629082869223,0.14088188111782074,0.30295345187187195,0.5397635710742488
444,rwanda,PCA_XGBoost_ms,0.6272871936423076,0.6080476574161283,0.12099583810355002,0.25950743209040505,0.6044600182450118
445,rwanda,PCA_XGBoost_msnl,0.6823972021471765,0.6381596950567283,0.11170024056403437,0.2507040617763083,0.6372906093257182
446,rwanda,PCA_XGBoost_nl,0.6737924283951613,0.5670625897038976,0.1336479441858372,0.2812178053072565,0.6771487029679052
447,rwanda,Resnet_ms,0.6178705934009512,0.5756625986661341,0.13099311812911785,0.2808523049726875,0.6059764290575037
448,rwanda,Resnet_nl,0.6651448902229233,0.5186554361355016,0.14859125101136536,0.3066130818287286,0.5422459926235654
449,rwanda,Ridge_ms,0.6180312266138941,0.5966766672458601,0.12450606375932693,0.2613249123096466,0.5858398349061691
450,rwanda,Ridge_msnl,0.6955362011353863,0.6863162014337623,0.09683430939912796,0.22393803298473358,0.6800246886182347
451,rwanda,Ridge_nl,0.6818502547159824,0.5817529972933435,0.12911300361156464,0.27586933970451355,0.6771994270276199
452,rwanda,UMAP_NGB_ms,0.6243815572225913,0.6047711425210306,0.12200729950515214,0.2604963856350775,0.6064732530819522
453,rwanda,UMAP_NGB_msnl,0.6860693274657369,0.6407319512083862,0.11090618410595804,0.2485938242683648,0.6753330189625293
454,rwanda,UMAP_NGB_nl,0.6702901589637907,0.5604489050972742,0.13568959115407725,0.28445190012158994,0.6622153930154053
455,rwanda,UMAP_RandomForest_ms,0.6246929039354386,0.6054525024009288,0.12179696344956195,0.25989761368393455,0.6077282192434769
456,rwanda,UMAP_RandomForest_msnl,0.6838838007890595,0.6463939065696578,0.10915833631985802,0.24661335550242894,0.6685682778341809
457,rwanda,UMAP_RandomForest_nl,0.6716927638373604,0.5612619620087763,0.13543860017444803,0.28489118618207443,0.6630923914412042
458,rwanda,UMAP_Ridge_ms,0.62463289750157,0.6059657020560705,0.12163853645324707,0.2600463330745697,0.6063165052644996
459,rwanda,UMAP_Ridge_msnl,0.6805490580524101,0.6389845515357828,0.1114456057548523,0.24799369275569916,0.6643625425725007
460,rwanda,UMAP_Ridge_nl,0.6645501184285116,0.5571135197577584,0.136719211935997,0.28569886088371277,0.6384044038993458
461,rwanda,UMAP_XGBoost_ms,0.6272846991567917,0.6093095994507902,0.12060627611467292,0.2583598179427521,0.6074491605106148
462,rwanda,UMAP_XGBoost_msnl,0.6832703287399555,0.6423833363598932,0.11039640087792292,0.24951934510306265,0.6724106795439514
463,rwanda,UMAP_XGBoost_nl,0.6721544412208127,0.5646920162487005,0.13437974111835896,0.2828626046155965,0.6601383894893678
464,senegal,PCA_NGB_ms,0.6330070502334171,0.5015928759914796,0.27257957691137025,0.3955195694991465,0.758370911285221
465,senegal,PCA_NGB_msnl,0.6839442566592983,0.5059674240126426,0.27018713027217106,0.4054053929990682,0.8118135468570084
466,senegal,PCA_NGB_nl,0.6805801582976763,0.43599192263007447,0.3084568331761275,0.4411145355509757,0.8127369409173515
467,senegal,PCA_RandomForest_ms,0.6289800625967009,0.5080012136164871,0.2690748477965836,0.3905050557917925,0.7573096690434125
468,senegal,PCA_RandomForest_msnl,0.6789971200669838,0.530026518632424,0.25702917663060454,0.39266584187274445,0.8068211822102276
469,senegal,PCA_RandomForest_nl,0.6809322457873616,0.4428074902869982,0.3047293893679541,0.43867375482400883,0.8140714413281936
470,senegal,PCA_Ridge_ms,0.623938627805277,0.4801611182177712,0.28430062532424927,0.40876156091690063,0.7574815595363542
471,senegal,PCA_Ridge_msnl,0.670374635954559,0.4830679624270936,0.28271088004112244,0.4153701961040497,0.8086188563256216
472,senegal,PCA_Ridge_nl,0.6717012458348712,0.416375515101132,0.3191850781440735,0.448088139295578,0.8107684186080033
473,senegal,PCA_XGBoost_ms,0.6360634406424437,0.5727940312498803,0.23363956213019338,0.37819853089232414,0.7602986470703674
474,senegal,PCA_XGBoost_msnl,0.6811301054137747,0.5950125303427274,0.22148823284415695,0.36835549771875276,0.8114105156575183
475,senegal,PCA_XGBoost_nl,0.6761345859434683,0.5327393793990812,0.25554550915400914,0.40204991406092466,0.8113611311871144
476,senegal,Resnet_ms,0.6213093964226114,0.39239604089080393,0.3322994839472375,0.4483464300493612,0.7577648947278197
477,senegal,Resnet_nl,0.6718311645212106,0.40768628649200744,0.3239372265153479,0.45316485262196937,0.8120994688259551
478,senegal,Ridge_ms,0.6232423913910203,0.48092703038113715,0.2838817536830902,0.40823274850845337,0.7572257366894798
479,senegal,Ridge_msnl,0.6702184781926377,0.5030251513233563,0.2717962861061096,0.405550092458725,0.8052305822187537
480,senegal,Ridge_nl,0.6717371025116705,0.41663779831443326,0.3190416097640991,0.44801056385040283,0.8120770088758877
481,senegal,UMAP_NGB_ms,0.6365446371680281,0.5059642702798403,0.2701888550532016,0.3946118017767478,0.7586276057465791
482,senegal,UMAP_NGB_msnl,0.6850493115172525,0.5086159770222488,0.26873863280090815,0.40408035357933764,0.8090631073605248
483,senegal,UMAP_NGB_nl,0.6826083677028801,0.43754651327328464,0.30760662530512334,0.44062831618972154,0.8106513268425756
484,senegal,UMAP_RandomForest_ms,0.6393027367723468,0.5109835005009571,0.2674438307865151,0.39576502639522265,0.7620411049367412
485,senegal,UMAP_RandomForest_msnl,0.6757904136295179,0.507381648379867,0.26941368892049977,0.4036077182476496,0.8039240843359744
486,senegal,UMAP_RandomForest_nl,0.6834765109720262,0.4447104313909177,0.3036886681262072,0.43768873551880927,0.812216932503231
487,senegal,UMAP_Ridge_ms,0.6280901021512051,0.5098781525841938,0.26804834604263306,0.3864729106426239,0.7567434614725279
488,senegal,UMAP_Ridge_msnl,0.6716666601923613,0.5064686277285214,0.2699130177497864,0.39877089858055115,0.8026293170105412
489,senegal,UMAP_Ridge_nl,0.27010356887359777,-0.07829413648458838,0.589720606803894,0.6064931750297546,0.4281894839307528
490,senegal,UMAP_XGBoost_ms,0.6384021597163719,0.5784830335239097,0.23052823855915175,0.37540491771910134,0.7614927852602528
491,senegal,UMAP_XGBoost_msnl,0.6776702311508105,0.5888896923293337,0.22483682180846548,0.3724097431255265,0.8028219929279444
492,senegal,UMAP_XGBoost_nl,0.6700268280900726,0.4840733595844374,0.2821610257709209,0.4272794362113803,0.8061282849059809
493,sierra_leone,PCA_NGB_ms,0.6217724782147416,0.5497376429076815,0.18831323790966048,0.34104415762284895,0.7131244820269389
494,sierra_leone,PCA_NGB_msnl,0.741054146661781,0.632775444904925,0.15358433571143373,0.32356055968109226,0.7174363213180049
495,sierra_leone,PCA_NGB_nl,0.6982823392434931,0.6114158595937647,0.1625175556597482,0.33426591298552855,0.6197735132728065
496,sierra_leone,PCA_RandomForest_ms,0.63270983216886,0.5600422871518627,0.18400352626585315,0.3450452014965403,0.7127049568692169
497,sierra_leone,PCA_RandomForest_msnl,0.7106682621811239,0.6070926226133571,0.16432566318019196,0.3318661827435624,0.7188932802866735
498,sierra_leone,PCA_RandomForest_nl,0.6979012094029448,0.6121335492736735,0.16221739628530987,0.33430219554083473,0.6206752321040809
499,sierra_leone,PCA_Ridge_ms,0.64989294128317,0.5740532318524143,0.1781437247991562,0.33838775753974915,0.7184872663232921
500,sierra_leone,PCA_Ridge_msnl,0.7314413492622975,0.6133442703999824,0.16171103715896606,0.335761696100235,0.7173852700758233
501,sierra_leone,PCA_Ridge_nl,0.6931535778000217,0.6490894714165449,0.14676132798194885,0.31760963797569275,0.6130528022252772
502,sierra_leone,PCA_XGBoost_ms,0.6484259919479991,0.5739863541698735,0.17817169873590363,0.33374507826292654,0.7184890157550912
503,sierra_leone,PCA_XGBoost_msnl,0.7472576326379269,0.6616779055329007,0.1414964588132664,0.3055124914190657,0.7230433698721602
504,sierra_leone,PCA_XGBoost_nl,0.7025064716148423,0.619627219893928,0.15908331821704425,0.3308914660850818,0.613167285370758
505,sierra_leone,Resnet_ms,0.6279587616680046,0.3301069778133511,0.2801693769732367,0.44926929108144625,0.7086815553031839
506,sierra_leone,Resnet_nl,0.6931367281578791,0.5511904126924596,0.1877056459628773,0.365509156558703,0.6130296222539388
507,sierra_leone,Ridge_ms,0.6495526897572326,0.5722719715315503,0.1788886934518814,0.33815938234329224,0.7214031317744924
508,sierra_leone,Ridge_msnl,0.731988327178442,0.6130368147656489,0.16183963418006897,0.33585599064826965,0.7184089792502809
509,sierra_leone,Ridge_nl,0.7088161693262727,0.6313391312111665,0.15418504178524017,0.3249882757663727,0.6114686917311647
510,sierra_leone,UMAP_NGB_ms,0.6402196470161234,0.544388707517487,0.1905503233040555,0.35880214734948906,0.7088302649357577
511,sierra_leone,UMAP_NGB_msnl,0.7305762019467494,0.6699021841980539,0.13805681852241974,0.3045479562000449,0.7197778862390933
512,sierra_leone,UMAP_NGB_nl,0.7018916220750329,0.6229020806421932,0.15771367311681517,0.3274058020834967,0.6261300493992027
513,sierra_leone,UMAP_RandomForest_ms,0.6116064545905191,0.5178297216016488,0.20165808870933258,0.3644961506326747,0.699540628366745
514,sierra_leone,UMAP_RandomForest_msnl,0.7250300251340764,0.6553380024274154,0.14414799666230466,0.30989360185910625,0.7232993700587663
515,sierra_leone,UMAP_RandomForest_nl,0.7057673334781693,0.6604726652308662,0.1420005264977182,0.3081906138189618,0.6107043595781328
516,sierra_leone,UMAP_Ridge_ms,0.542429038015829,0.40294677612338226,0.24970559775829315,0.4179530739784241,0.6825467936559771
517,sierra_leone,UMAP_Ridge_msnl,0.694797415009262,0.5747195681882515,0.17786504328250885,0.3507761061191559,0.7027320293263083
518,sierra_leone,UMAP_Ridge_nl,0.7032559243977552,0.6212269853928044,0.15841425955295563,0.3293662667274475,0.6315698088891545
519,sierra_leone,UMAP_XGBoost_ms,0.6410059978621155,0.5829653455818151,0.1744164149123459,0.33927480773866475,0.702706849724946
520,sierra_leone,UMAP_XGBoost_msnl,0.7392166537509931,0.6813064741100069,0.13328720204093353,0.29738699270133995,0.7299982943337517
521,sierra_leone,UMAP_XGBoost_nl,0.7038830855153699,0.6275659472121272,0.15576310407383648,0.32515226199302344,0.6348028009015682
522,tanzania,PCA_NGB_ms,0.6331690396002382,0.5871072291448287,0.18917242543386145,0.3308264838979727,0.7168670120670247
523,tanzania,PCA_NGB_msnl,0.6829029383191713,0.6579729946358734,0.15670431340951582,0.3014111791255951,0.7595584187450662
524,tanzania,PCA_NGB_nl,0.6776528003298213,0.6661819573422879,0.152943265759657,0.300003465960572,0.7716793492406495
525,tanzania,PCA_RandomForest_ms,0.6318239732938953,0.6043720781855115,0.18126230058229062,0.3245114769125785,0.7088421727233316
526,tanzania,PCA_RandomForest_msnl,0.6831605562518709,0.662027099999448,0.15484687002777925,0.3009920224628724,0.7558822527393488
527,tanzania,PCA_RandomForest_nl,0.6771222988605251,0.6655616237258923,0.15322748002320213,0.30037617103122927,0.7707168146781822
528,tanzania,PCA_Ridge_ms,0.6349237981478986,0.5936982729414553,0.1861526519060135,0.3257318437099457,0.716308987024325
529,tanzania,PCA_Ridge_msnl,0.6995619226994485,0.6840773559327438,0.14474424719810486,0.2921050190925598,0.7656387291433945
530,tanzania,PCA_Ridge_nl,0.672220137323368,0.6639575281701757,0.1539624035358429,0.3059161305427551,0.7723193201315312
531,tanzania,PCA_XGBoost_ms,0.6337746419672169,0.5902617564094901,0.18772713596435278,0.3287887307906059,0.7183250481171582
532,tanzania,PCA_XGBoost_msnl,0.6857533154427551,0.6632966431732837,0.15426521159648704,0.30149872485987783,0.7550584513362156
533,tanzania,PCA_XGBoost_nl,0.6805605888234354,0.6684192417701459,0.15191822354173026,0.3019976909226204,0.772256410515909
534,tanzania,Resnet_ms,0.626159975243664,0.5424763326277857,0.20962067626162467,0.3484427935273956,0.7030907789215205
535,tanzania,Resnet_nl,0.6721052500259814,0.6067863811647946,0.18015615491309608,0.3519190167473808,0.7724199253986356
536,tanzania,Ridge_ms,0.6373807676084198,0.5981709720527757,0.18410339951515198,0.3236398696899414,0.720282257710642
537,tanzania,Ridge_msnl,0.7026944088090126,0.6895242775547774,0.14224866032600403,0.2886263430118561,0.7663982141065135
538,tanzania,Ridge_nl,0.6782580432344254,0.6675348982961393,0.1523233950138092,0.3003369867801666,0.7704391581936872
539,tanzania,UMAP_NGB_ms,0.6217821461985448,0.5895046777609977,0.18807400181982142,0.32418088038646115,0.7019496886349789
540,tanzania,UMAP_NGB_msnl,0.6706067967900461,0.6484919576707859,0.16104817914152889,0.3042573887417498,0.7238902142834357
541,tanzania,UMAP_NGB_nl,0.6829527052755817,0.671306771743499,0.15059526250407196,0.297668868587042,0.7524697727555163
542,tanzania,UMAP_RandomForest_ms,0.6287698982265665,0.6059409354582341,0.18054350733525504,0.323209632350939,0.7022332268957371
543,tanzania,UMAP_RandomForest_msnl,0.6711393067901176,0.653705244843948,0.1586596408850036,0.30592323470424637,0.7259232746301005
544,tanzania,UMAP_RandomForest_nl,0.6880276139472541,0.679845036445793,0.1466833406765623,0.2930800455554241,0.757439719295412
545,tanzania,UMAP_Ridge_ms,0.6274399927887977,0.5906763880940644,0.18753716349601746,0.3255060017108917,0.700534670218743
546,tanzania,UMAP_Ridge_msnl,0.6640386647986283,0.6403554966308611,0.1647759974002838,0.3097309172153473,0.7207900877978287
547,tanzania,UMAP_Ridge_nl,0.6817289867760792,0.6695281613292442,0.15141016244888306,0.3013066351413727,0.7500068709595638
548,tanzania,UMAP_XGBoost_ms,0.6243099627211266,0.5951217109719992,0.1855004818377038,0.3262456113975036,0.7051336891296087
549,tanzania,UMAP_XGBoost_msnl,0.6702036720611043,0.648491528703199,0.16104837567884941,0.30536348094785537,0.728483447399657
550,tanzania,UMAP_XGBoost_nl,0.6832092333906036,0.6728987722039177,0.14986586589156778,0.2979273074087603,0.7533269848228293
551,togo,PCA_NGB_ms,0.804744929531084,0.7893043036938949,0.10841206066828216,0.2520684505861623,0.8105550818223329
552,togo,PCA_NGB_msnl,0.8118460460159146,0.7901756623559968,0.10796370889937669,0.2521629870267893,0.8371403307379958
553,togo,PCA_NGB_nl,0.7943543645587275,0.7805648614814835,0.11290888217887625,0.25722570316454696,0.8288648163734293
554,togo,PCA_RandomForest_ms,0.8014699727531043,0.7902604435105085,0.10792008532363405,0.252232559171064,0.8096637495053586
555,togo,PCA_RandomForest_msnl,0.8110024884548566,0.7906812687755101,0.1077035524994713,0.25301510744221345,0.8323042391452228
556,togo,PCA_RandomForest_nl,0.7968780941293448,0.7830325312479152,0.11163915921292157,0.2551375246419551,0.8305042341297982
557,togo,PCA_Ridge_ms,0.8061666911655472,0.7885002515753031,0.10882577300071716,0.2555006444454193,0.8110356477967225
558,togo,PCA_Ridge_msnl,0.8198931081815353,0.795801832575581,0.10506881028413773,0.2490912675857544,0.8302614708258867
559,togo,PCA_Ridge_nl,0.7843709233612941,0.7599236982148481,0.12352965027093887,0.26053521037101746,0.8336036839476545
560,togo,PCA_XGBoost_ms,0.8080252080999037,0.806353951850969,0.09963927829643827,0.2430707329319734,0.812721397593197
561,togo,PCA_XGBoost_msnl,0.814427600274836,0.8141705296692445,0.09561731048451823,0.23634152073760611,0.8307475513743552
562,togo,PCA_XGBoost_nl,0.7984330469984585,0.7957858822172222,0.10507700781045676,0.2524234129003051,0.8337805294313264
563,togo,Resnet_ms,0.8057976160752419,0.7959515010027041,0.10499178977262184,0.25086898883658026,0.8117863017179668
564,togo,Resnet_nl,0.7845342338648732,0.7687990808823614,0.11896288585566978,0.2638762219369154,0.8333759499733268
565,togo,Ridge_ms,0.8116490666425911,0.7944480184994485,0.10576539486646652,0.2512807548046112,0.816837187488759
566,togo,Ridge_msnl,0.8197076750556995,0.8031102411437667,0.10130830109119415,0.24335600435733795,0.8337609606366696
567,togo,Ridge_nl,0.7870131068536104,0.7745521329676098,0.11600268632173538,0.2543838918209076,0.8333141746283845
568,togo,UMAP_NGB_ms,0.8069014113710035,0.7925259356216752,0.10675439151732828,0.24961208261324225,0.8157295802146669
569,togo,UMAP_NGB_msnl,0.8095876107158084,0.7930260792350682,0.10649704596775786,0.2500988513152655,0.8342771076936493
570,togo,UMAP_NGB_nl,0.7973353839673871,0.7835286085858328,0.11138390593818759,0.2559649803841449,0.8379969684107982
571,togo,UMAP_RandomForest_ms,0.80592878348725,0.8020168165751111,0.10187092223077725,0.24557935931018862,0.811311200171513
572,togo,UMAP_RandomForest_msnl,0.8165104067605536,0.8143869785618426,0.09550593815519529,0.23564253042347694,0.8368517076944085
573,togo,UMAP_RandomForest_nl,0.7952137615110048,0.7868981419566552,0.10965013508939588,0.2532720852860336,0.8329327119286184
574,togo,UMAP_Ridge_ms,0.8075428813847374,0.7916532957077966,0.1072033941745758,0.2523535490036011,0.8130758359080016
575,togo,UMAP_Ridge_msnl,0.8142826535038274,0.7986521977293497,0.10360216349363327,0.24637284874916077,0.8319871039804189
576,togo,UMAP_Ridge_nl,0.790282210329142,0.7749898833424439,0.11577744781970978,0.2600352466106415,0.8290058594744588
577,togo,UMAP_XGBoost_ms,0.8086990025075941,0.8074754164221155,0.09906223620561248,0.24167837187873586,0.8131607412866944
578,togo,UMAP_XGBoost_msnl,0.8163190669673672,0.81601644841408,0.09466750534629136,0.23289911911653538,0.8295790269312591
579,togo,UMAP_XGBoost_nl,0.7953806074057009,0.7924458830646436,0.1067955820248788,0.25299523420857667,0.8342624755266493
580,uganda,PCA_NGB_ms,0.6668448252529457,0.6063528140702173,0.15660539191788433,0.28666203576437727,0.6431232943729843
581,uganda,PCA_NGB_msnl,0.7177067672115797,0.6743942728880077,0.129536331841521,0.257026089749773,0.6744108832589725
582,uganda,PCA_NGB_nl,0.740337744776073,0.7120440043869887,0.11455806915414904,0.2382755637887223,0.7115274619946451
583,uganda,PCA_RandomForest_ms,0.6694687667772136,0.6203061306186555,0.15105431805091085,0.28325722182540103,0.6565175549487834
584,uganda,PCA_RandomForest_msnl,0.7045712597876161,0.681459995359416,0.12672536233286236,0.25953526388232284,0.6741882238059044
585,uganda,PCA_RandomForest_nl,0.7420940845810541,0.7118687372446577,0.11462779600727072,0.23833466718915086,0.7114885888973572
586,uganda,PCA_Ridge_ms,0.6758405430530026,0.6175377881458795,0.15215563774108887,0.2827132046222687,0.6512119273090923
587,uganda,PCA_Ridge_msnl,0.725045000002865,0.6787245347184427,0.12781362235546112,0.25314128398895264,0.687584367204604
588,uganda,PCA_Ridge_nl,0.7271611189935356,0.6971262152204238,0.1204928383231163,0.2502787113189697,0.7077773495866571
589,uganda,PCA_XGBoost_ms,0.6694267980552052,0.608214462915218,0.15586476869636634,0.28941143845306133,0.6447733102858023
590,uganda,PCA_XGBoost_msnl,0.7226965407835343,0.6805942644062725,0.1270697776876737,0.2566959286901075,0.6731321719197827
591,uganda,PCA_XGBoost_nl,0.7434481093338292,0.7164915018886266,0.11278871295348755,0.23653063282521997,0.7107327399215218
592,uganda,Resnet_ms,0.6742074873332567,0.5534182465498523,0.17766444933995154,0.331593466256661,0.6451810191724591
593,uganda,Resnet_nl,0.7299053744217097,0.7016624925136037,0.11868816532590636,0.25853455699780903,0.7080408704732921
594,uganda,Ridge_ms,0.6789606780191804,0.6126022807639667,0.15411916375160217,0.285016804933548,0.6491256695592226
595,uganda,Ridge_msnl,0.7242078156383656,0.6860699658934613,0.12489136308431625,0.2514612674713135,0.6857458509698708
596,uganda,Ridge_nl,0.7313488808471256,0.70797675904661,0.11617614328861237,0.2413758784532547,0.7048737644308176
597,uganda,UMAP_NGB_ms,0.6629178820863334,0.5952149141150029,0.16103640336664818,0.2922463111196901,0.6352715994611635
598,uganda,UMAP_NGB_msnl,0.7124464333861249,0.6703970195748092,0.13112656655952093,0.2596652720102455,0.6714091561199578
599,uganda,UMAP_NGB_nl,0.7461018458689371,0.7245488346837698,0.10958324926595772,0.2352132046857413,0.6651177782815948
600,uganda,UMAP_RandomForest_ms,0.6612858265546165,0.6044126926315019,0.1573772340372702,0.2916128817895315,0.6381296652119568
601,uganda,UMAP_RandomForest_msnl,0.707566565115839,0.677539813521828,0.12828493556241508,0.257252236754866,0.6729657293532981
602,uganda,UMAP_RandomForest_nl,0.7464131521456272,0.7254607806326765,0.10922044811345073,0.2340079396382954,0.649440420661991
603,uganda,UMAP_Ridge_ms,0.6663663763579422,0.5941155110434693,0.16147378087043762,0.29412707686424255,0.6361372561893301
604,uganda,UMAP_Ridge_msnl,0.7110259920009412,0.6662220358303028,0.13278751075267792,0.26407214999198914,0.6680279751186688
605,uganda,UMAP_Ridge_nl,0.7395936683790296,0.7132882500138039,0.1140630692243576,0.23979629576206207,0.6618358387814318
606,uganda,UMAP_XGBoost_ms,0.6687832588041832,0.6060116972971146,0.1567410990379933,0.2878753415473191,0.6520551877553006
607,uganda,UMAP_XGBoost_msnl,0.713357809318629,0.675382414662767,0.1291432175619381,0.25711058528380404,0.6704498179305393
608,uganda,UMAP_XGBoost_nl,0.7461415078415783,0.7240068643298093,0.10979886233960229,0.23549560968857486,0.6600042449054302
609,zambia,PCA_NGB_ms,0.6301849891709268,0.6240555623951782,0.2778289989181457,0.3763034267767906,0.7499831589989956
610,zambia,PCA_NGB_msnl,0.660049274721072,0.6537008430329481,0.2559206586998053,0.3646553340015547,0.7821555841445721
611,zambia,PCA_NGB_nl,0.6552810810506622,0.6450597264847115,0.2623065831077498,0.3707619310756096,0.7969046888134709
612,zambia,PCA_RandomForest_ms,0.6261520865365109,0.6194031315451498,0.2812672203048869,0.37887908195698117,0.7462885859887788
613,zambia,PCA_RandomForest_msnl,0.663101318065578,0.6566454267732156,0.25374456385451033,0.36108611864528506,0.7859621836213174
614,zambia,PCA_RandomForest_nl,0.6550453625301218,0.6445839011186982,0.26265822572265735,0.37115061215041545,0.795433396930561
615,zambia,PCA_Ridge_ms,0.6323583814492508,0.6272176729299892,0.2754921615123749,0.3736216723918915,0.7506706802881854
616,zambia,PCA_Ridge_msnl,0.6642602640540787,0.6594801733220182,0.2516496479511261,0.3581899404525757,0.7810195283090747
617,zambia,PCA_Ridge_nl,0.6627690442079235,0.6484290937739043,0.25981655716896057,0.3830370306968689,0.7965806619564109
618,zambia,PCA_XGBoost_ms,0.6313025657847873,0.6245814929472053,0.2774403277631711,0.3775641920891984,0.7500167931588473
619,zambia,PCA_XGBoost_msnl,0.6603026358130349,0.6568598363145903,0.2535861117475496,0.3616484508530198,0.7816848147037511
620,zambia,PCA_XGBoost_nl,0.6567016914822043,0.6508560943074835,0.25802297386000533,0.37101185596242003,0.8001659677105929
621,zambia,Resnet_ms,0.6324034292999667,0.6128630925118256,0.2861004145638323,0.3736180674592153,0.7505515823974029
622,zambia,Resnet_nl,0.6627100794564357,0.6553469877460794,0.25470413122399677,0.3772264146019507,0.7965326892566659
623,zambia,Ridge_ms,0.6308455787621483,0.6251190722498361,0.27704304456710815,0.37575703859329224,0.749718639707734
624,zambia,Ridge_msnl,0.6621914372227025,0.657034994953077,0.25345665216445923,0.3601328432559967,0.7808040931707741
625,zambia,Ridge_nl,0.6627147949092347,0.6485230939892384,0.25974708795547485,0.38313400745391846,0.796596930303367
626,zambia,UMAP_NGB_ms,0.6275172375972932,0.6218132880475058,0.279486075802386,0.378247996498371,0.7490855360437584
627,zambia,UMAP_NGB_msnl,0.6613181696036401,0.6560345745720968,0.25419599347694344,0.3631951822588365,0.7832084838876233
628,zambia,UMAP_NGB_nl,0.6525887137244315,0.6412646662871991,0.26511119376305436,0.37262697405399486,0.7916287917524567
629,zambia,UMAP_RandomForest_ms,0.6276745399992418,0.6253823353644483,0.2768484923087317,0.37886906575321233,0.7502148338410868
630,zambia,UMAP_RandomForest_msnl,0.6637505429448595,0.6625074941584406,0.2494124015711579,0.3613357631082211,0.7824415963637136
631,zambia,UMAP_RandomForest_nl,0.6564016538679979,0.6517761901319391,0.2573430082154917,0.3740270862733927,0.7735493296166817
632,zambia,UMAP_Ridge_ms,0.6163855401158713,0.6093877232028874,0.28866875171661377,0.382068395614624,0.7469751589370877
633,zambia,UMAP_Ridge_msnl,0.649954447817791,0.6457178903257668,0.2618201971054077,0.36707383394241333,0.7800457924771717
634,zambia,UMAP_Ridge_nl,0.6562261166614327,0.647323936952281,0.26063328981399536,0.3708330988883972,0.7604429466685184
635,zambia,UMAP_XGBoost_ms,0.6248655197778777,0.6243855423495528,0.27758513841319715,0.3774824690462157,0.7499568146638786
636,zambia,UMAP_XGBoost_msnl,0.6626414235705897,0.6590339123964937,0.2519794344809424,0.36039223338160614,0.7828431832096938
637,zambia,UMAP_XGBoost_nl,0.6543973732194941,0.6490186132131632,0.2593809020055007,0.3730085008276234,0.8001298771104821
638,zimbabwe,PCA_NGB_ms,0.6746869881408223,0.471478780218759,0.4482480247710417,0.5290187853882707,0.7731235440612354
639,zimbabwe,PCA_NGB_msnl,0.7603630221370743,0.5688097399827379,0.36569994755035534,0.48159154563494816,0.8239300849481008
640,zimbabwe,PCA_NGB_nl,0.7647178054812934,0.587026996997537,0.3502495755160782,0.4668588903369868,0.8441373007801838
641,zimbabwe,PCA_RandomForest_ms,0.675002917274846,0.47382750573138577,0.44625602987592644,0.5285815095204237,0.773004449190743
642,zimbabwe,PCA_RandomForest_msnl,0.7562811456847571,0.5660597244636504,0.3680322834687331,0.48295956693224157,0.8311568951054649
643,zimbabwe,PCA_RandomForest_nl,0.7648057037518704,0.5878260658117684,0.34957187137813717,0.46651806151588626,0.8451008653031289
644,zimbabwe,PCA_Ridge_ms,0.6726844755587855,0.45681618216261943,0.460683673620224,0.5400540232658386,0.7737702174771176
645,zimbabwe,PCA_Ridge_msnl,0.7611929133238391,0.581594537836094,0.354856938123703,0.4736103117465973,0.8307642688346326
646,zimbabwe,PCA_Ridge_nl,0.7691079411241084,0.5930131850233119,0.34517258405685425,0.46417859196662903,0.8448758884865831
647,zimbabwe,PCA_XGBoost_ms,0.6760259550263948,0.4892446992851963,0.4331804402886837,0.5205936938658425,0.7742879625916512
648,zimbabwe,PCA_XGBoost_msnl,0.76049402163795,0.5824425506350888,0.3541377240893498,0.47342861748331616,0.8273054588028534
649,zimbabwe,PCA_XGBoost_nl,0.7659833312722467,0.5981175109988341,0.34084351799423507,0.4567192739014036,0.8450791362053484
650,zimbabwe,Resnet_ms,0.6741774249089433,0.5861276228971732,0.35101235030908484,0.46452723638675164,0.7738388952721859
651,zimbabwe,Resnet_nl,0.7691305787531018,0.5600582646962693,0.3731222257185162,0.4818203911937145,0.844860170522912
652,zimbabwe,Ridge_ms,0.6880468470999404,0.44495417845672924,0.47074398398399353,0.5437812805175781,0.7852886964319739
653,zimbabwe,Ridge_msnl,0.7642339533663431,0.5694749966178897,0.36513569951057434,0.48297610878944397,0.8301354122058584
654,zimbabwe,Ridge_nl,0.7682022199588836,0.5928915805534047,0.34527572989463806,0.46338626742362976,0.8448516566259233
655,zimbabwe,UMAP_NGB_ms,0.680274361278977,0.47327726605436105,0.44672269770144735,0.5283102294385996,0.7761537172408676
656,zimbabwe,UMAP_NGB_msnl,0.7575318271865467,0.5644592048550889,0.3693897119433021,0.48263451698390925,0.825889443259795
657,zimbabwe,UMAP_NGB_nl,0.7631571910780424,0.5857216233639823,0.3513566855637529,0.46737623721597943,0.833369184622646
658,zimbabwe,UMAP_RandomForest_ms,0.6789709747409087,0.4760321468202898,0.4443862354827338,0.5263908779578362,0.7749723520624443
659,zimbabwe,UMAP_RandomForest_msnl,0.7484029048693919,0.5654462511153593,0.3685525808689681,0.48188572933277934,0.8237937862330801
660,zimbabwe,UMAP_RandomForest_nl,0.7607431382715494,0.5885450545531579,0.34896208454064015,0.46468541431594435,0.8331158546398304
661,zimbabwe,UMAP_Ridge_ms,0.6769861743397456,0.4759712598717488,0.4444378912448883,0.5283231735229492,0.7743160062192146
662,zimbabwe,UMAP_Ridge_msnl,0.7515319846722299,0.5493098358547389,0.3822381794452667,0.49042809009552,0.8284798538236204
663,zimbabwe,UMAP_Ridge_nl,0.7614263201799645,0.5834677360480653,0.35326826572418213,0.46887534856796265,0.8320529280082487
664,zimbabwe,UMAP_XGBoost_ms,0.6694602938625266,0.49631744069559036,0.42718192547363487,0.5160719965351741,0.7742002822149485
665,zimbabwe,UMAP_XGBoost_msnl,0.7529454556437853,0.5703099800300945,0.3644275679130942,0.47894802641532813,0.8241507741239832
666,zimbabwe,UMAP_XGBoost_nl,0.7614745011709547,0.5906824331590337,0.34714933662738096,0.46012035564946385,0.8335794609079221
